STEMMING,tokenized_sents,polarity_score,polarity
alih cirebon kabupaten timur laut jawa barat milik anggar berantas miskin 115m nmn 4m anggar untuk perjalann dinas 115m bayang individu bansos kab cirebon 5 daerah miskin jabar https t co vdiygfmi5e,"['alih', 'cirebon', 'kabupaten', 'timur', 'laut', 'jawa', 'barat', 'milik', 'anggar', 'berantas', 'miskin', '115m', 'nmn', '4m', 'anggar', 'untuk', 'perjalann', 'dinas', '115m', 'bayang', 'individu', 'bansos', 'kab', 'cirebon', '5', 'daerah', 'miskin', 'jabar', 'https', 't', 'co', 'vdiygfmi5e']",2,1
hasil cak achmadfauzi wy pimpin sumenep salah satu turun angka miskin turun angka miskin tinggi jawa timur wujud anggur rendah jawa timur https t co cin3qyg7so,"['hasil', 'cak', 'achmadfauzi', 'wy', 'pimpin', 'sumenep', 'salah', 'satu', 'turun', 'angka', 'miskin', 'turun', 'angka', 'miskin', 'tinggi', 'jawa', 'timur', 'wujud', 'anggur', 'rendah', 'jawa', 'timur', 'https', 't', 'co', 'cin3qyg7so']",-19,-1
jawa timur angka nikah anak tingkat pandemi impi kubur miskin subur korban putus sekolah kawin anak jawa timur https t co c4zy8ydayt,"['jawa', 'timur', 'angka', 'nikah', 'anak', 'tingkat', 'pandemi', 'impi', 'kubur', 'miskin', 'subur', 'korban', 'putus', 'sekolah', 'kawin', 'anak', 'jawa', 'timur', 'https', 't', 'co', 'c4zy8ydayt']",-11,-1
1 762 pasang suami istri bojonegoro jawa timur aju cerai adil agama tinggi tingkat cerai sebab faktor miskin didik rendah bib inews news berita suamiistri cerai miskin pendidikanrendah bojonegoro https t co qzd9wkk2yo,"['1', '762', 'pasang', 'suami', 'istri', 'bojonegoro', 'jawa', 'timur', 'aju', 'cerai', 'adil', 'agama', 'tinggi', 'tingkat', 'cerai', 'sebab', 'faktor', 'miskin', 'didik', 'rendah', 'bib', 'inews', 'news', 'berita', 'suamiistri', 'cerai', 'miskin', 'pendidikanrendah', 'bojonegoro', 'https', 't', 'co', 'qzd9wkk2yo']",-33,-1
tangan khofifah indar parawansa angka miskin jawa timur turun https t co r3n88z7j66,"['tangan', 'khofifah', 'indar', 'parawansa', 'angka', 'miskin', 'jawa', 'timur', 'turun', 'https', 't', 'co', 'r3n88z7j66']",-6,-1
jawa provinsi miskin jawa jateng jawa barat jawa timur ganjar pranowo paham solusi blusukan angka miskin turun 1 juta jakarta 102 ribu harijadijateng https t co mmzranjdgo,"['jawa', 'provinsi', 'miskin', 'jawa', 'jateng', 'jawa', 'barat', 'jawa', 'timur', 'ganjar', 'pranowo', 'paham', 'solusi', 'blusukan', 'angka', 'miskin', 'turun', '1', 'juta', 'jakarta', '102', 'ribu', 'harijadijateng', 'https', 't', 'co', 'mmzranjdgo']",-5,-1
mari tunai sedekah dukung baznas provinsi jawa timur tunjang program entas miskin baznas baznasjatim sedekah sedekahjariyah sedekahjumat jumatberkah amaljariyah https t co mfsoc1pi7e,"['mari', 'tunai', 'sedekah', 'dukung', 'baznas', 'provinsi', 'jawa', 'timur', 'tunjang', 'program', 'entas', 'miskin', 'baznas', 'baznasjatim', 'sedekah', 'sedekahjariyah', 'sedekahjumat', 'jumatberkah', 'amaljariyah', 'https', 't', 'co', 'mfsoc1pi7e']",8,1
buzzer ganjen relevan putar kaset rakyat rakyat jawa rasa jalan rusak akses sehat minim miskin cekik https t co gbfkls7hbj,"['buzzer', 'ganjen', 'relevan', 'putar', 'kaset', 'rakyat', 'rakyat', 'jawa', 'rasa', 'jalan', 'rusak', 'akses', 'sehat', 'minim', 'miskin', 'cekik', 'https', 't', 'co', 'gbfkls7hbj']",-6,-1
stefanantonio miduk17 aryprasetyo85 03 nakula ch chotimah2 drpullmanrogers firzahusainid ganjarpranowo gunromli seruanhl yuliadi mr kasihan ebong hibur tahun miskin dijawa turun presentase miskin dijawa banding jawa barat jawa timur,"['stefanantonio', 'miduk17', 'aryprasetyo85', '03', 'nakula', 'ch', 'chotimah2', 'drpullmanrogers', 'firzahusainid', 'ganjarpranowo', 'gunromli', 'seruanhl', 'yuliadi', 'mr', 'kasihan', 'ebong', 'hibur', 'tahun', 'miskin', 'dijawa', 'turun', 'presentase', 'miskin', 'dijawa', 'banding', 'jawa', 'barat', 'jawa', 'timur']",-11,-1
problematika daerah madura dari yang melek catat sampang bahwa 217 970 duduk dalam zona miskin yang parah hasil naik sampang dalam kabupaten miskin jawa timur https t co p19r6rkv5u,"['problematika', 'daerah', 'madura', 'dari', 'yang', 'melek', 'catat', 'sampang', 'bahwa', '217', '970', 'duduk', 'dalam', 'zona', 'miskin', 'yang', 'parah', 'hasil', 'naik', 'sampang', 'dalam', 'kabupaten', 'miskin', 'jawa', 'timur', 'https', 't', 'co', 'p19r6rkv5u']",-18,-1
problematika daerah madura dari yang melek catat sampang bahwa 217 970 duduk dalam zona miskin yang parah hasil naik sampang dalam kabupaten miskin jawa timur https t co pbdq0v5oxj,"['problematika', 'daerah', 'madura', 'dari', 'yang', 'melek', 'catat', 'sampang', 'bahwa', '217', '970', 'duduk', 'dalam', 'zona', 'miskin', 'yang', 'parah', 'hasil', 'naik', 'sampang', 'dalam', 'kabupaten', 'miskin', 'jawa', 'timur', 'https', 't', 'co', 'pbdq0v5oxj']",-18,-1
arah prabowo subianto gerindra komitmen entas miskin jawa timur jokowinomics https t co ohwdlzje0d,"['arah', 'prabowo', 'subianto', 'gerindra', 'komitmen', 'entas', 'miskin', 'jawa', 'timur', 'jokowinomics', 'https', 't', 'co', 'ohwdlzje0d']",-8,-1
2023 data media yang jadi bps rujuk sumber data angka miskin provinsi jawa barat 7 26 jawa timur 10 35 jawa 10 77 https t co wxqjlo1df2,"['2023', 'data', 'media', 'yang', 'jadi', 'bps', 'rujuk', 'sumber', 'data', 'angka', 'miskin', 'provinsi', 'jawa', 'barat', '7', '26', 'jawa', 'timur', '10', '35', 'jawa', '10', '77', 'https', 't', 'co', 'wxqjlo1df2']",-17,-1
wakil gubernur jawa timur emil dardak ajak pemuda tukar pikir atas miskin ekonomi tokohmuda emildardak wagubjatim jawatimur berita news trending dkijakarta emildardak4jakarta jakarta emildardakuntukdki emildardakpulangjakarta https t co gfhkgdynev,"['wakil', 'gubernur', 'jawa', 'timur', 'emil', 'dardak', 'ajak', 'pemuda', 'tukar', 'pikir', 'atas', 'miskin', 'ekonomi', 'tokohmuda', 'emildardak', 'wagubjatim', 'jawatimur', 'berita', 'news', 'trending', 'dkijakarta', 'emildardak4jakarta', 'jakarta', 'emildardakuntukdki', 'emildardakpulangjakarta', 'https', 't', 'co', 'gfhkgdynev']",-14,-1
10 228 unit rumah kabupaten ngawi jawa timur kategori layak huni rtlh salah faktor banyak rumah layak huni sebab tinggi angka miskin ngawi huni rumah taklayakhuni peristiwangawi https t co wf8oqcos5v,"['10', '228', 'unit', 'rumah', 'kabupaten', 'ngawi', 'jawa', 'timur', 'kategori', 'layak', 'huni', 'rtlh', 'salah', 'faktor', 'banyak', 'rumah', 'layak', 'huni', 'sebab', 'tinggi', 'angka', 'miskin', 'ngawi', 'huni', 'rumah', 'taklayakhuni', 'peristiwangawi', 'https', 't', 'co', 'wf8oqcos5v']",-28,-1
koperasi harap tekan kantong miskin jawa timur emil dardak wagubjatim emildardak pemprovjatim koperasi alternative kurang kemiskinanekstrem jawatimur https t co jpsaaq1j82,"['koperasi', 'harap', 'tekan', 'kantong', 'miskin', 'jawa', 'timur', 'emil', 'dardak', 'wagubjatim', 'emildardak', 'pemprovjatim', 'koperasi', 'alternative', 'kurang', 'kemiskinanekstrem', 'jawatimur', 'https', 't', 'co', 'jpsaaq1j82']",-9,-1
lihat indo 5 kerja banding status jabat yang jawa banding dengan jawa timur jawa barat pr ganjar miskin kondisi jalan tingkat gizi dan lain,"['lihat', 'indo', '5', 'kerja', 'banding', 'status', 'jabat', 'yang', 'jawa', 'banding', 'dengan', 'jawa', 'timur', 'jawa', 'barat', 'pr', 'ganjar', 'miskin', 'kondisi', 'jalan', 'tingkat', 'gizi', 'dan', 'lain']",-14,-1
mari sedekah dukung baznas provinsi jawa timur tunjang program entas miskin tunai sedekah transfer rekening tera layan muzakki amp munfiq https t co hisxmwcro3 sedekah sedekahjumat jumatberkah https t co tngsegueie,"['mari', 'sedekah', 'dukung', 'baznas', 'provinsi', 'jawa', 'timur', 'tunjang', 'program', 'entas', 'miskin', 'tunai', 'sedekah', 'transfer', 'rekening', 'tera', 'layan', 'muzakki', 'amp', 'munfiq', 'https', 't', 'co', 'hisxmwcro3', 'sedekah', 'sedekahjumat', 'jumatberkah', 'https', 't', 'co', 'tngsegueie']",8,1
emil dardak koperasi harap tekan kantong miskin jawa timur sigara bbnaijas8xguinness bbnaija earthquake aewdynamite aewdynamite treasurereboot boycottcostacoffee https t co afkxacog83,"['emil', 'dardak', 'koperasi', 'harap', 'tekan', 'kantong', 'miskin', 'jawa', 'timur', 'sigara', 'bbnaijas8xguinness', 'bbnaija', 'earthquake', 'aewdynamite', 'aewdynamite', 'treasurereboot', 'boycottcostacoffee', 'https', 't', 'co', 'afkxacog83']",-6,-1
emil dardak koperasi harap tekan kantong miskin jawa timur emildardak wagubjatim arumibachsin wagubemil infojatim jawatimur jatim beritajatim kabarjatim dkijakarta jakarta https t co xqydhhvbe1,"['emil', 'dardak', 'koperasi', 'harap', 'tekan', 'kantong', 'miskin', 'jawa', 'timur', 'emildardak', 'wagubjatim', 'arumibachsin', 'wagubemil', 'infojatim', 'jawatimur', 'jatim', 'beritajatim', 'kabarjatim', 'dkijakarta', 'jakarta', 'https', 't', 'co', 'xqydhhvbe1']",-6,-1
fraksi gerindra dprd jatim komitmen bantu gubernur khofifah entas miskin jawa timur https t co y9gxdddr9l prabowo prabowounggul https t co odnsu5dwjr,"['fraksi', 'gerindra', 'dprd', 'jatim', 'komitmen', 'bantu', 'gubernur', 'khofifah', 'entas', 'miskin', 'jawa', 'timur', 'https', 't', 'co', 'y9gxdddr9l', 'prabowo', 'prabowounggul', 'https', 't', 'co', 'odnsu5dwjr']",-6,-1
workshop sosial anggota dprd jatim bahas miskin global workshop sosial gelar anggota dewan wakil rakyat daerah dprd jawa timur fraksi pdip h gunawan bahas politikpemerintahan globalisasi via beritajatimcom https t co dzblyrbot7,"['workshop', 'sosial', 'anggota', 'dprd', 'jatim', 'bahas', 'miskin', 'global', 'workshop', 'sosial', 'gelar', 'anggota', 'dewan', 'wakil', 'rakyat', 'daerah', 'dprd', 'jawa', 'timur', 'fraksi', 'pdip', 'h', 'gunawan', 'bahas', 'politikpemerintahan', 'globalisasi', 'via', 'beritajatimcom', 'https', 't', 'co', 'dzblyrbot7']",0,0
kali muhadjir effendy turun malang jawa timur miskin esktrim bravo muhadjir ef https t co ad2r69f4it,"['kali', 'muhadjir', 'effendy', 'turun', 'malang', 'jawa', 'timur', 'miskin', 'esktrim', 'bravo', 'muhadjir', 'ef', 'https', 't', 'co', 'ad2r69f4it']",-12,-1
emil dardak koperasi harap tekan kantong miskin jatim wakil gubernur emil dardak koperasi harap tekan angka miskin jawa timur ekbis angkakemiskinanjatim jember via beritajatimcom https t co wbna6xxokn,"['emil', 'dardak', 'koperasi', 'harap', 'tekan', 'kantong', 'miskin', 'jatim', 'wakil', 'gubernur', 'emil', 'dardak', 'koperasi', 'harap', 'tekan', 'angka', 'miskin', 'jawa', 'timur', 'ekbis', 'angkakemiskinanjatim', 'jember', 'via', 'beritajatimcom', 'https', 't', 'co', 'wbna6xxokn']",-13,-1
perintah provinsi jawa timur hasil turun angka miskin indonesia https t co p3zwlrhwcg,"['perintah', 'provinsi', 'jawa', 'timur', 'hasil', 'turun', 'angka', 'miskin', 'indonesia', 'https', 't', 'co', 'p3zwlrhwcg']",-4,-1
jawa barat jawa timur juta duduk miskin jateng 3 9 juta ganjar ganjar pranowo ganjarpresiden2024 sahabatganjar relawanganjar 2024menangtotal jawa jawatengah hoax miskin love ag4ever airindatanglagi,"['jawa', 'barat', 'jawa', 'timur', 'juta', 'duduk', 'miskin', 'jateng', '3', '9', 'juta', 'ganjar', 'ganjar', 'pranowo', 'ganjarpresiden2024', 'sahabatganjar', 'relawanganjar', '2024menangtotal', 'jawa', 'jawatengah', 'hoax', 'miskin', 'love', 'ag4ever', 'airindatanglagi']",-5,-1
gubernur jawa timur khofifah indar parawansa klaim angka miskin wilayah turun fakta angka miskin jatim tinggi nasional 4 19 juta jiwa maret 2023 jawatimur miskin https t co sfnqn09acx,"['gubernur', 'jawa', 'timur', 'khofifah', 'indar', 'parawansa', 'klaim', 'angka', 'miskin', 'wilayah', 'turun', 'fakta', 'angka', 'miskin', 'jatim', 'tinggi', 'nasional', '4', '19', 'juta', 'jiwa', 'maret', '2023', 'jawatimur', 'miskin', 'https', 't', 'co', 'sfnqn09acx']",-17,-1
data badan pusat statistik bps jawa timur 2021 angka miskin sumenep capai 20 51 persen pasuk 2022 sisa 18 76 persen angka miskin 20 persen sumenep,"['data', 'badan', 'pusat', 'statistik', 'bps', 'jawa', 'timur', '2021', 'angka', 'miskin', 'sumenep', 'capai', '20', '51', 'persen', 'pasuk', '2022', 'sisa', '18', '76', 'persen', 'angka', 'miskin', '20', 'persen', 'sumenep']",-12,-1
emil dardak koperasi tani jatim bantu atas miskin wakil gubernur jawa timur emil elestianto dardak muka strategi inovatif atas miskin ekstrem politikpemerintahan blitar jatim surabaya via beritajatimcom https t co thafklvdbj,"['emil', 'dardak', 'koperasi', 'tani', 'jatim', 'bantu', 'atas', 'miskin', 'wakil', 'gubernur', 'jawa', 'timur', 'emil', 'elestianto', 'dardak', 'muka', 'strategi', 'inovatif', 'atas', 'miskin', 'ekstrem', 'politikpemerintahan', 'blitar', 'jatim', 'surabaya', 'via', 'beritajatimcom', 'https', 't', 'co', 'thafklvdbj']",-23,-1
perintah provinsi jawa timur klaim hasil turun angka miskin dalma 2 maret 2021 maret 2023 https t co wrjrcsvoym,"['perintah', 'provinsi', 'jawa', 'timur', 'klaim', 'hasil', 'turun', 'angka', 'miskin', 'dalma', '2', 'maret', '2021', 'maret', '2023', 'https', 't', 'co', 'wrjrcsvoym']",-4,-1
jawa timur hasil turun miskin capai tinggi indonesia nasional angkakemiskinan jawatimur miskin https t co l6lwpqgzam https t co ey94kv47o3,"['jawa', 'timur', 'hasil', 'turun', 'miskin', 'capai', 'tinggi', 'indonesia', 'nasional', 'angkakemiskinan', 'jawatimur', 'miskin', 'https', 't', 'co', 'l6lwpqgzam', 'https', 't', 'co', 'ey94kv47o3']",-9,-1
provinsi jawa timur turun angka miskin indonesia provinsi jawa timur turun angka miskin indonesia gubernur jawa timur ragam jawabarat jawatengah jawatimur via beritajatimcom https t co qaaeturlud,"['provinsi', 'jawa', 'timur', 'turun', 'angka', 'miskin', 'indonesia', 'provinsi', 'jawa', 'timur', 'turun', 'angka', 'miskin', 'indonesia', 'gubernur', 'jawa', 'timur', 'ragam', 'jawabarat', 'jawatengah', 'jawatimur', 'via', 'beritajatimcom', 'https', 't', 'co', 'qaaeturlud']",-18,-1
2 cak fauzi hasil turun miskin turun angka miskin tinggi jawa timur 3 wujud anggur rendah jawa timur 4 bawa gin rasio timpang rendah jawa timur https t co i0vbihioov,"['2', 'cak', 'fauzi', 'hasil', 'turun', 'miskin', 'turun', 'angka', 'miskin', 'tinggi', 'jawa', 'timur', '3', 'wujud', 'anggur', 'rendah', 'jawa', 'timur', '4', 'bawa', 'gin', 'rasio', 'timpang', 'rendah', 'jawa', 'timur', 'https', 't', 'co', 'i0vbihioov']",-31,-1
madiun https t co wkghpxyppm gubernur jawa timur khofifah indar parawansa ajak bupati walikota stakeholder kait tingkat sinergi turun miskin ekstrim turun stunting signifikan https t co t4wie4enu5 https t co gyeqay2ffx,"['madiun', 'https', 't', 'co', 'wkghpxyppm', 'gubernur', 'jawa', 'timur', 'khofifah', 'indar', 'parawansa', 'ajak', 'bupati', 'walikota', 'stakeholder', 'kait', 'tingkat', 'sinergi', 'turun', 'miskin', 'ekstrim', 'turun', 'stunting', 'signifikan', 'https', 't', 'co', 't4wie4enu5', 'https', 't', 'co', 'gyeqay2ffx']",-6,-1
panjianom102 munir timur salah sumber miskin dki banyak migrasi daerah2 salah daerah sumbang migran besar jawa liat lebaran pemprov jateng siapin ratus bis carter ratus gerbong ka untuk warga yang mudik jateng,"['panjianom102', 'munir', 'timur', 'salah', 'sumber', 'miskin', 'dki', 'banyak', 'migrasi', 'daerah2', 'salah', 'daerah', 'sumbang', 'migran', 'besar', 'jawa', 'liat', 'lebaran', 'pemprov', 'jateng', 'siapin', 'ratus', 'bis', 'carter', 'ratus', 'gerbong', 'ka', 'untuk', 'warga', 'yang', 'mudik', 'jateng']",-22,-1
anaklolina2 munir timur bangun fokus jawa sentris republik miskin tidak lepas dari masalah kota era jokowi ubah bangun luar pulau jawa kadrun ubah 5th pimpin dki ubah duduk miskin meninkat,"['anaklolina2', 'munir', 'timur', 'bangun', 'fokus', 'jawa', 'sentris', 'republik', 'miskin', 'tidak', 'lepas', 'dari', 'masalah', 'kota', 'era', 'jokowi', 'ubah', 'bangun', 'luar', 'pulau', 'jawa', 'kadrun', 'ubah', '5th', 'pimpin', 'dki', 'ubah', 'duduk', 'miskin', 'meninkat']",-24,-1
panjianom102 munir timur naik miskin tambah urban duduk daerah jawa yang warga jakarta rubah nasib yang dampak covid bukti lebaran bus gratis mudik mati orang jawa,"['panjianom102', 'munir', 'timur', 'naik', 'miskin', 'tambah', 'urban', 'duduk', 'daerah', 'jawa', 'yang', 'warga', 'jakarta', 'rubah', 'nasib', 'yang', 'dampak', 'covid', 'bukti', 'lebaran', 'bus', 'gratis', 'mudik', 'mati', 'orang', 'jawa']",-17,-1
cak fauzi pimpin muda inovatif kreatif hasil turun miskin turun angka miskin tinggi jawa timur wujud penganguran rendah jawa timur cak fauzi bawa gin rasio timpang rendah jawa timur https t co bo3tnldryc,"['cak', 'fauzi', 'pimpin', 'muda', 'inovatif', 'kreatif', 'hasil', 'turun', 'miskin', 'turun', 'angka', 'miskin', 'tinggi', 'jawa', 'timur', 'wujud', 'penganguran', 'rendah', 'jawa', 'timur', 'cak', 'fauzi', 'bawa', 'gin', 'rasio', 'timpang', 'rendah', 'jawa', 'timur', 'https', 't', 'co', 'bo3tnldryc']",-25,-1
daerah jawa milik angka miskin faktual presentase angka miskin ekstrem wilayah timur ntt papua susun regulasi guna anggar program intervensi cont,"['daerah', 'jawa', 'milik', 'angka', 'miskin', 'faktual', 'presentase', 'angka', 'miskin', 'ekstrem', 'wilayah', 'timur', 'ntt', 'papua', 'susun', 'regulasi', 'guna', 'anggar', 'program', 'intervensi', 'cont']",-6,-1
jawa timur mbuh opo sing ning pikirane khofifah luput miskin nikah kelindan tambah konsumerisma mangtabs,"['jawa', 'timur', 'mbuh', 'opo', 'sing', 'ning', 'pikirane', 'khofifah', 'luput', 'miskin', 'nikah', 'kelindan', 'tambah', 'konsumerisma', 'mangtabs']",-1,-1
angka cerai angka fantastis bojonegoro jawa timur 6 istri gugat cerai suami adil agama kabupaten bojonegoro capai 1 500 orang sebab didik rendah miskin https t co taxuxp0gvt https t co hhjanspz6x,"['angka', 'cerai', 'angka', 'fantastis', 'bojonegoro', 'jawa', 'timur', '6', 'istri', 'gugat', 'cerai', 'suami', 'adil', 'agama', 'kabupaten', 'bojonegoro', 'capai', '1', '500', 'orang', 'sebab', 'didik', 'rendah', 'miskin', 'https', 't', 'co', 'taxuxp0gvt', 'https', 't', 'co', 'hhjanspz6x']",-20,-1
coba periksa data bps statistics jawa timur jabar angka miskin hasil kabupaten sumenep 2022 sisa 18 76 persen bilang turun banding 2021 capai 20 51 persen cakfauzi,"['coba', 'periksa', 'data', 'bps', 'statistics', 'jawa', 'timur', 'jabar', 'angka', 'miskin', 'hasil', 'kabupaten', 'sumenep', '2022', 'sisa', '18', '76', 'persen', 'bilang', 'turun', 'banding', '2021', 'capai', '20', '51', 'persen', 'cakfauzi']",-9,-1
masuk radar bupati kampung yang hasil kikis miskin sumenep fokus belum respons dukung survei2 beliau kader mumpuni jawa timur jatim butuh pimpin sprti beliau moga bu mega rekomen amin https t co zaabrkstzh,"['masuk', 'radar', 'bupati', 'kampung', 'yang', 'hasil', 'kikis', 'miskin', 'sumenep', 'fokus', 'belum', 'respons', 'dukung', 'survei2', 'beliau', 'kader', 'mumpuni', 'jawa', 'timur', 'jatim', 'butuh', 'pimpin', 'sprti', 'beliau', 'moga', 'bu', 'mega', 'rekomen', 'amin', 'https', 't', 'co', 'zaabrkstzh']",-8,-1
well said yunartowijaya angka miskin jawa salah akselerasi turun miskin 2013 jawa cepat banding jawa barat jawa timur ganjaruntuksemua lanjutkanbersamaganjar https t co bevzcg0sjw,"['well', 'said', 'yunartowijaya', 'angka', 'miskin', 'jawa', 'salah', 'akselerasi', 'turun', 'miskin', '2013', 'jawa', 'cepat', 'banding', 'jawa', 'barat', 'jawa', 'timur', 'ganjaruntuksemua', 'lanjutkanbersamaganjar', 'https', 't', 'co', 'bevzcg0sjw']",-16,-1
banyuwangi https t co l1apjgfpc2 masyarakat miskin ekstrim wanita rawan sosial ekonomi wrse banyuwangi perhati khusus juang bantu kewirausahaan dinas sosial provinsi jawa timur https t co kvfg4c2tmp,"['banyuwangi', 'https', 't', 'co', 'l1apjgfpc2', 'masyarakat', 'miskin', 'ekstrim', 'wanita', 'rawan', 'sosial', 'ekonomi', 'wrse', 'banyuwangi', 'perhati', 'khusus', 'juang', 'bantu', 'kewirausahaan', 'dinas', 'sosial', 'provinsi', 'jawa', 'timur', 'https', 't', 'co', 'kvfg4c2tmp']",-3,-1
cak fauzi hasil turun miskin turun angka miskin tinggi jawa timur wujud anggur rendah jawa timur https t co nro2a7fj5p,"['cak', 'fauzi', 'hasil', 'turun', 'miskin', 'turun', 'angka', 'miskin', 'tinggi', 'jawa', 'timur', 'wujud', 'anggur', 'rendah', 'jawa', 'timur', 'https', 't', 'co', 'nro2a7fj5p']",-17,-1
pemkab banyuwangi dinas sosial daya perempuan keluarga rencana dinsos ppkb juang bantu kewirausahaan masyarakat miskin ekstrim wanita rawan sosial ekonomi wrse dinas sosial provinsi jawa timur,"['pemkab', 'banyuwangi', 'dinas', 'sosial', 'daya', 'perempuan', 'keluarga', 'rencana', 'dinsos', 'ppkb', 'juang', 'bantu', 'kewirausahaan', 'masyarakat', 'miskin', 'ekstrim', 'wanita', 'rawan', 'sosial', 'ekonomi', 'wrse', 'dinas', 'sosial', 'provinsi', 'jawa', 'timur']",0,0
lantik kepala dinas sosial jawa timur restu novi widiani gubernur jawa timur khofifah indar parawansa perintah provinsi jatim fokus kerja upaya turun miskin upaya kuat kolaborasi,"['lantik', 'kepala', 'dinas', 'sosial', 'jawa', 'timur', 'restu', 'novi', 'widiani', 'gubernur', 'jawa', 'timur', 'khofifah', 'indar', 'parawansa', 'perintah', 'provinsi', 'jatim', 'fokus', 'kerja', 'upaya', 'turun', 'miskin', 'upaya', 'kuat', 'kolaborasi']",-6,-1
deret hasil toreh cak fauzi pimpin muda inovatif kreatif cak fauzi hasil turun miskin turun angka miskin tinggi jawa timur https t co fqomaavhnk,"['deret', 'hasil', 'toreh', 'cak', 'fauzi', 'pimpin', 'muda', 'inovatif', 'kreatif', 'cak', 'fauzi', 'hasil', 'turun', 'miskin', 'turun', 'angka', 'miskin', 'tinggi', 'jawa', 'timur', 'https', 't', 'co', 'fqomaavhnk']",-4,-1
dukung cak fauzi maju pilkada jawa timur masif masyarakat sosok achmadfauzi mh layak maju pilkada jatim tokoh muda sumenep cak fauzi sukses pimpin sumenep pimpin cak fauzi hasil turun miskin https t co nqkihsc50v,"['dukung', 'cak', 'fauzi', 'maju', 'pilkada', 'jawa', 'timur', 'masif', 'masyarakat', 'sosok', 'achmadfauzi', 'mh', 'layak', 'maju', 'pilkada', 'jatim', 'tokoh', 'muda', 'sumenep', 'cak', 'fauzi', 'sukses', 'pimpin', 'sumenep', 'pimpin', 'cak', 'fauzi', 'hasil', 'turun', 'miskin', 'https', 't', 'co', 'nqkihsc50v']",-2,-1
puas masyarakat kerja bupati sumenep achmadfauzi wy kerja nyata cak fauzi 1 hasil turun miskin turun angka miskin tinggi jawa timur 2 wujud penganguran rendah jawa timur 3 bawa gin rasio https t co pnhkmapjlz,"['puas', 'masyarakat', 'kerja', 'bupati', 'sumenep', 'achmadfauzi', 'wy', 'kerja', 'nyata', 'cak', 'fauzi', '1', 'hasil', 'turun', 'miskin', 'turun', 'angka', 'miskin', 'tinggi', 'jawa', 'timur', '2', 'wujud', 'penganguran', 'rendah', 'jawa', 'timur', '3', 'bawa', 'gin', 'rasio', 'https', 't', 'co', 'pnhkmapjlz']",-13,-1
makhluk miduk17 manipulasi informasi kait prestasi ganjar kait miskin jateng jawa salah provinsi persentase miskin double digit darat jawa sumber bps miskin https t co 0r2rsy6lwg,"['makhluk', 'miduk17', 'manipulasi', 'informasi', 'kait', 'prestasi', 'ganjar', 'kait', 'miskin', 'jateng', 'jawa', 'salah', 'provinsi', 'persentase', 'miskin', 'double', 'digit', 'darat', 'jawa', 'sumber', 'bps', 'miskin', 'https', 't', 'co', '0r2rsy6lwg']",-15,-1
wahyudi87677017 setyosby miduk17 basuki btp ganjar parah mas jawa jalan remuk banjir dimana2 miskin semarang yang ibukota saja parah jalan tidak yang mulus bisa tambal sulam kali banjir kanal timur ilang darat gara2 sedimentasi parah,"['wahyudi87677017', 'setyosby', 'miduk17', 'basuki', 'btp', 'ganjar', 'parah', 'mas', 'jawa', 'jalan', 'remuk', 'banjir', 'dimana2', 'miskin', 'semarang', 'yang', 'ibukota', 'saja', 'parah', 'jalan', 'tidak', 'yang', 'mulus', 'bisa', 'tambal', 'sulam', 'kali', 'banjir', 'kanal', 'timur', 'ilang', 'darat', 'gara2', 'sedimentasi', 'parah']",-48,-1
cak fauzi pimpin muda ide inovasi maju daerah sumenep cak fauzi pikir sejahtera madura cak fauzi hasil turun miskin turun angka miskin tinggi jawa timur https t co nvorhtzbxs,"['cak', 'fauzi', 'pimpin', 'muda', 'ide', 'inovasi', 'maju', 'daerah', 'sumenep', 'cak', 'fauzi', 'pikir', 'sejahtera', 'madura', 'cak', 'fauzi', 'hasil', 'turun', 'miskin', 'turun', 'angka', 'miskin', 'tinggi', 'jawa', 'timur', 'https', 't', 'co', 'nvorhtzbxs']",-9,-1
ch chotimah2 munir timur ganjarpranowo muka kamu dimaneeeeee jawa landa miskin pukuk langka harge sembako naik hantam banjir skarang hantam kering sulit air bersih sok urusen dki jakarta otak mana otak masyarakat jawa senang sama klakuan kamu,"['ch', 'chotimah2', 'munir', 'timur', 'ganjarpranowo', 'muka', 'kamu', 'dimaneeeeee', 'jawa', 'landa', 'miskin', 'pukuk', 'langka', 'harge', 'sembako', 'naik', 'hantam', 'banjir', 'skarang', 'hantam', 'kering', 'sulit', 'air', 'bersih', 'sok', 'urusen', 'dki', 'jakarta', 'otak', 'mana', 'otak', 'masyarakat', 'jawa', 'senang', 'sama', 'klakuan', 'kamu']",-19,-1
gubernur jatim khofifah target zero miskin ekstrem tuntas gubernur jawa timur khofifah indar parawansa target nol zero miskin ekstrem wilayah politikpemerintahan jatim jawatimur via beritajatimcom https t co dvdqpco3bt,"['gubernur', 'jatim', 'khofifah', 'target', 'zero', 'miskin', 'ekstrem', 'tuntas', 'gubernur', 'jawa', 'timur', 'khofifah', 'indar', 'parawansa', 'target', 'nol', 'zero', 'miskin', 'ekstrem', 'wilayah', 'politikpemerintahan', 'jatim', 'jawatimur', 'via', 'beritajatimcom', 'https', 't', 'co', 'dvdqpco3bt']",-25,-1
gubernur jawa timur optimis capai zero miskin ekstrem 2023 https t co olofu5gs9q,"['gubernur', 'jawa', 'timur', 'optimis', 'capai', 'zero', 'miskin', 'ekstrem', '2023', 'https', 't', 'co', 'olofu5gs9q']",-13,-1
wakil bupati malang drs h didik gatot subroto s h m h damping kunjung kerja gubernur jawa timur dra hj khofifah indar parawansa m sos rangka salur bansos miskin ekstrem pkh plus tempat kantor camat gondanglegi selasa 27 6 siang https t co q4geiof6ek,"['wakil', 'bupati', 'malang', 'drs', 'h', 'didik', 'gatot', 'subroto', 's', 'h', 'm', 'h', 'damping', 'kunjung', 'kerja', 'gubernur', 'jawa', 'timur', 'dra', 'hj', 'khofifah', 'indar', 'parawansa', 'm', 'sos', 'rangka', 'salur', 'bansos', 'miskin', 'ekstrem', 'pkh', 'plus', 'tempat', 'kantor', 'camat', 'gondanglegi', 'selasa', '27', '6', 'siang', 'https', 't', 'co', 'q4geiof6ek']",-14,-1
cak fauzi hasil turun miskin turun angka miskin tinggi jawa timur wujud penganguran rendah jawa timur bawa gin rasio timpang rendah jawa timur https t co vskmzizhyl,"['cak', 'fauzi', 'hasil', 'turun', 'miskin', 'turun', 'angka', 'miskin', 'tinggi', 'jawa', 'timur', 'wujud', 'penganguran', 'rendah', 'jawa', 'timur', 'bawa', 'gin', 'rasio', 'timpang', 'rendah', 'jawa', 'timur', 'https', 't', 'co', 'vskmzizhyl']",-27,-1
parah wilayah jawa jawa timur bangkit komunisme kecuali kurang miskin jenderal soeharto menggarisbawahi skema tekan populasi duduk tingkat dapat ekspor,"['parah', 'wilayah', 'jawa', 'jawa', 'timur', 'bangkit', 'komunisme', 'kecuali', 'kurang', 'miskin', 'jenderal', 'soeharto', 'menggarisbawahi', 'skema', 'tekan', 'populasi', 'duduk', 'tingkat', 'dapat', 'ekspor']",-16,-1
hasil cak fauzi toreh hasil turun miskin turun angka miskin tinggi jawa timur cak fauzi wujud anggur rendah jawa timur dukung cak fauzi jatim 1 https t co o6liftfzpx,"['hasil', 'cak', 'fauzi', 'toreh', 'hasil', 'turun', 'miskin', 'turun', 'angka', 'miskin', 'tinggi', 'jawa', 'timur', 'cak', 'fauzi', 'wujud', 'anggur', 'rendah', 'jawa', 'timur', 'dukung', 'cak', 'fauzi', 'jatim', '1', 'https', 't', 'co', 'o6liftfzpx']",-9,-1
jazz turbok24 m14fatih ch chotimah2 munir timur ganjarpranowo eh peak coba lihat grafik miskin propinsi pulau jawa propinsi tingkat miskin yv turun,"['jazz', 'turbok24', 'm14fatih', 'ch', 'chotimah2', 'munir', 'timur', 'ganjarpranowo', 'eh', 'peak', 'coba', 'lihat', 'grafik', 'miskin', 'propinsi', 'pulau', 'jawa', 'propinsi', 'tingkat', 'miskin', 'yv', 'turun']",-7,-1
ch chotimah2 munir timur ganjarpranowo jakarta yang miskin datang daerah jawa jawa duduk asli yang hidup garis miskin,"['ch', 'chotimah2', 'munir', 'timur', 'ganjarpranowo', 'jakarta', 'yang', 'miskin', 'datang', 'daerah', 'jawa', 'jawa', 'duduk', 'asli', 'yang', 'hidup', 'garis', 'miskin']",-27,-1
itsme dul tsamaradki based on data tingkat miskin jawa timur jawa barat jawa kalau mau komen emosi kamu baca baik tweet saya jancuk kamu buta ya upaya yang sudah amp pemprov jateng kamu kudet https t co lthagilzt6,"['itsme', 'dul', 'tsamaradki', 'based', 'on', 'data', 'tingkat', 'miskin', 'jawa', 'timur', 'jawa', 'barat', 'jawa', 'kalau', 'mau', 'komen', 'emosi', 'kamu', 'baca', 'baik', 'tweet', 'saya', 'jancuk', 'kamu', 'buta', 'ya', 'upaya', 'yang', 'sudah', 'amp', 'pemprov', 'jateng', 'kamu', 'kudet', 'https', 't', 'co', 'lthagilzt6']",-14,-1
mas ch chotimah2 contoh buzzer defisit kognitif data indeks dalam amp parah miskin jateng provinsi darat jawa tidak bedain padahal sudah jelas no 2 ganjar fokus saja urus miskin jateng jangan sok rabas urus jakarta https t co lunop6epvn,"['mas', 'ch', 'chotimah2', 'contoh', 'buzzer', 'defisit', 'kognitif', 'data', 'indeks', 'dalam', 'amp', 'parah', 'miskin', 'jateng', 'provinsi', 'darat', 'jawa', 'tidak', 'bedain', 'padahal', 'sudah', 'jelas', 'no', '2', 'ganjar', 'fokus', 'saja', 'urus', 'miskin', 'jateng', 'jangan', 'sok', 'rabas', 'urus', 'jakarta', 'https', 't', 'co', 'lunop6epvn']",-29,-1
3 mas ch chotimah2 indeks parah miskin jateng sept 2022 turun provinsi darat jawa https t co pej1sujq8u,"['3', 'mas', 'ch', 'chotimah2', 'indeks', 'parah', 'miskin', 'jateng', 'sept', '2022', 'turun', 'provinsi', 'darat', 'jawa', 'https', 't', 'co', 'pej1sujq8u']",-14,-1
1 mas ch chotimah2 ganjar fokus urus jateng data bps sept 2022 turun angka dalam miskin jateng provinsi darat jawa https t co bqbw2x5ad7,"['1', 'mas', 'ch', 'chotimah2', 'ganjar', 'fokus', 'urus', 'jateng', 'data', 'bps', 'sept', '2022', 'turun', 'angka', 'dalam', 'miskin', 'jateng', 'provinsi', 'darat', 'jawa', 'https', 't', 'co', 'bqbw2x5ad7']",-6,-1
ridwan kamil padalarang bupati sumenep hasil turun miskin turun angka miskin tinggi jawa timur strategi khusus hadap long weekend idul adha https t co bnbikduggd,"['ridwan', 'kamil', 'padalarang', 'bupati', 'sumenep', 'hasil', 'turun', 'miskin', 'turun', 'angka', 'miskin', 'tinggi', 'jawa', 'timur', 'strategi', 'khusus', 'hadap', 'long', 'weekend', 'idul', 'adha', 'https', 't', 'co', 'bnbikduggd']",-7,-1
2 cak fauzi hasil turun miskin turun angka miskin tinggi jawa timur 3 wujud anggur rendah jawa timur 4 bawa gin rasio rendah jawa timur 5 naik ipm 6 naik tumbuh ekonomi,"['2', 'cak', 'fauzi', 'hasil', 'turun', 'miskin', 'turun', 'angka', 'miskin', 'tinggi', 'jawa', 'timur', '3', 'wujud', 'anggur', 'rendah', 'jawa', 'timur', '4', 'bawa', 'gin', 'rasio', 'rendah', 'jawa', 'timur', '5', 'naik', 'ipm', '6', 'naik', 'tumbuh', 'ekonomi']",-25,-1
bawah pimpin cak fauzi sumenep alami 1 turun miskin turun angka miskin tinggi jawa timur 2 wujud penganguran rendah jawa timur 3 bawa gin rasio timpang rendah jawa timur 4 naik https t co 6vqip9rq6b,"['bawah', 'pimpin', 'cak', 'fauzi', 'sumenep', 'alami', '1', 'turun', 'miskin', 'turun', 'angka', 'miskin', 'tinggi', 'jawa', 'timur', '2', 'wujud', 'penganguran', 'rendah', 'jawa', 'timur', '3', 'bawa', 'gin', 'rasio', 'timpang', 'rendah', 'jawa', 'timur', '4', 'naik', 'https', 't', 'co', '6vqip9rq6b']",-32,-1
mou unej sektor tani didik sehat salah keren bupati sumenep achmadfauzi wy heran cak fauzi hasil turun miskin turun angka miskin tinggi jawa timur,"['mou', 'unej', 'sektor', 'tani', 'didik', 'sehat', 'salah', 'keren', 'bupati', 'sumenep', 'achmadfauzi', 'wy', 'heran', 'cak', 'fauzi', 'hasil', 'turun', 'miskin', 'turun', 'angka', 'miskin', 'tinggi', 'jawa', 'timur']",-10,-1
untung sumenep pimpin pimpin muda yang inovatif achmadfauzi wy kiprah luas pimpin jawa timur dukung masyarakat alir sosok yang turun angka miskin sumenep gaskeun https t co uexopjfctx,"['untung', 'sumenep', 'pimpin', 'pimpin', 'muda', 'yang', 'inovatif', 'achmadfauzi', 'wy', 'kiprah', 'luas', 'pimpin', 'jawa', 'timur', 'dukung', 'masyarakat', 'alir', 'sosok', 'yang', 'turun', 'angka', 'miskin', 'sumenep', 'gaskeun', 'https', 't', 'co', 'uexopjfctx']",-7,-1
cak fauzi wujud penganguran rendah amp hasil turun miskin turun angka miskin tinggi jawa timur https t co hwtvxyitjz,"['cak', 'fauzi', 'wujud', 'penganguran', 'rendah', 'amp', 'hasil', 'turun', 'miskin', 'turun', 'angka', 'miskin', 'tinggi', 'jawa', 'timur', 'https', 't', 'co', 'hwtvxyitjz']",-13,-1
program eko tren opop jawa timur hasil kurang angka anggur miskin tingkat sejahtera masyarakat provinsi jawa timur khofifahip emildardak kemkominfo kempanrb https t co n7c7vypwgt,"['program', 'eko', 'tren', 'opop', 'jawa', 'timur', 'hasil', 'kurang', 'angka', 'anggur', 'miskin', 'tingkat', 'sejahtera', 'masyarakat', 'provinsi', 'jawa', 'timur', 'khofifahip', 'emildardak', 'kemkominfo', 'kempanrb', 'https', 't', 'co', 'n7c7vypwgt']",-10,-1
butuh bupati sumenep achmadfauzi wy hasil turun miskin turun miskin tinggi jawa timur anggur rendah jawa timur rasio timpang sosial rendah jawa timur naik indeks bangun https t co k5udlu8zcp,"['butuh', 'bupati', 'sumenep', 'achmadfauzi', 'wy', 'hasil', 'turun', 'miskin', 'turun', 'miskin', 'tinggi', 'jawa', 'timur', 'anggur', 'rendah', 'jawa', 'timur', 'rasio', 'timpang', 'sosial', 'rendah', 'jawa', 'timur', 'naik', 'indeks', 'bangun', 'https', 't', 'co', 'k5udlu8zcp']",-31,-1
tokoh muda achmadfauzi mh nilai layak kelas kepala daerah provinsi pimpin sumenep cak fauzi hasil turun miskin turun angka miskin tinggi jawa timur dorong kalang deklarasi https t co efrxl2fpnh,"['tokoh', 'muda', 'achmadfauzi', 'mh', 'nilai', 'layak', 'kelas', 'kepala', 'daerah', 'provinsi', 'pimpin', 'sumenep', 'cak', 'fauzi', 'hasil', 'turun', 'miskin', 'turun', 'angka', 'miskin', 'tinggi', 'jawa', 'timur', 'dorong', 'kalang', 'deklarasi', 'https', 't', 'co', 'efrxl2fpnh']",-12,-1
salah hasil cak fauzi hasil turun miskin turun angka miskin tinggi jawa timur https t co zmllcgmxut,"['salah', 'hasil', 'cak', 'fauzi', 'hasil', 'turun', 'miskin', 'turun', 'angka', 'miskin', 'tinggi', 'jawa', 'timur', 'https', 't', 'co', 'zmllcgmxut']",-11,-1
geiszchalifah didik jembatan jurang miskin moga allah mudah rezeki berkah geiz jawa timur ekspansi,"['geiszchalifah', 'didik', 'jembatan', 'jurang', 'miskin', 'moga', 'allah', 'mudah', 'rezeki', 'berkah', 'geiz', 'jawa', 'timur', 'ekspansi']",7,1
ide kreatif bupati kampung cak fauzi hasil turun miskin turun angka miskin tinggi jawa timur sudah layak pimpin jatim,"['ide', 'kreatif', 'bupati', 'kampung', 'cak', 'fauzi', 'hasil', 'turun', 'miskin', 'turun', 'angka', 'miskin', 'tinggi', 'jawa', 'timur', 'sudah', 'layak', 'pimpin', 'jatim']",-7,-1
negeri butuh pimpin inovatif kreatif bupati sumenep milik ide inovasi maju daerah sumenep cak fauzi pikir sejahtera madura turun angka miskin tinggi jawa timur https t co qctlvh5ezw,"['negeri', 'butuh', 'pimpin', 'inovatif', 'kreatif', 'bupati', 'sumenep', 'milik', 'ide', 'inovasi', 'maju', 'daerah', 'sumenep', 'cak', 'fauzi', 'pikir', 'sejahtera', 'madura', 'turun', 'angka', 'miskin', 'tinggi', 'jawa', 'timur', 'https', 't', 'co', 'qctlvh5ezw']",-3,-1
sumenep sejahtera madura 2 hasil turun miskin turun angka miskin tinggi jawa timur 3 wujud penganguran rendah jawa timur 4 bawa gin rasio timpang rendah jawa timur https t co t0sdwv8tyu,"['sumenep', 'sejahtera', 'madura', '2', 'hasil', 'turun', 'miskin', 'turun', 'angka', 'miskin', 'tinggi', 'jawa', 'timur', '3', 'wujud', 'penganguran', 'rendah', 'jawa', 'timur', '4', 'bawa', 'gin', 'rasio', 'timpang', 'rendah', 'jawa', 'timur', 'https', 't', 'co', 't0sdwv8tyu']",-27,-1
cak fauzi hasil turun miskin turun jawa timur wujud penganguran rendah jawa timur bawa gin rasio timpang rendah jawa timur naik indeks bangun manusia ipm https t co mp7cpcynal,"['cak', 'fauzi', 'hasil', 'turun', 'miskin', 'turun', 'jawa', 'timur', 'wujud', 'penganguran', 'rendah', 'jawa', 'timur', 'bawa', 'gin', 'rasio', 'timpang', 'rendah', 'jawa', 'timur', 'naik', 'indeks', 'bangun', 'manusia', 'ipm', 'https', 't', 'co', 'mp7cpcynal']",-19,-1
1 cak fauzi pimpin muda inovatif kreatif 2 cak fauzi hasil turun angka miskin turun angka miskin tinggi jawa timur 3 wujud anggur rendah jawa timur https t co zkmsbfbifk,"['1', 'cak', 'fauzi', 'pimpin', 'muda', 'inovatif', 'kreatif', '2', 'cak', 'fauzi', 'hasil', 'turun', 'angka', 'miskin', 'turun', 'angka', 'miskin', 'tinggi', 'jawa', 'timur', '3', 'wujud', 'anggur', 'rendah', 'jawa', 'timur', 'https', 't', 'co', 'zkmsbfbifk']",-15,-1
achmadfauzi wy putera baik madura layak calon gubernur jawa timur beliau sosok keras bukti cak fauzi hasil turun miskin turun angka miskin tinggi jawa timur lho https t co jp562tn8fh,"['achmadfauzi', 'wy', 'putera', 'baik', 'madura', 'layak', 'calon', 'gubernur', 'jawa', 'timur', 'beliau', 'sosok', 'keras', 'bukti', 'cak', 'fauzi', 'hasil', 'turun', 'miskin', 'turun', 'angka', 'miskin', 'tinggi', 'jawa', 'timur', 'lho', 'https', 't', 'co', 'jp562tn8fh']",-13,-1
rekam jejak hasil bupati yang juang masyarakat cak fauzi hasil turun miskin turun angka miskin tinggi jawa timur beliau wujud anggur rendah jawa timur hasil bawa https t co oecenwwluv,"['rekam', 'jejak', 'hasil', 'bupati', 'yang', 'juang', 'masyarakat', 'cak', 'fauzi', 'hasil', 'turun', 'miskin', 'turun', 'angka', 'miskin', 'tinggi', 'jawa', 'timur', 'beliau', 'wujud', 'anggur', 'rendah', 'jawa', 'timur', 'hasil', 'bawa', 'https', 't', 'co', 'oecenwwluv']",-19,-1
bps lansir duduk miskin kab amp kota jawa timur hasil 3 wilayah atas asal pulau madura sampang bangkal sumenep daerah kota milik persentase miskin 3 79 7 37 grafisdatajtv https t co wpshfrey2s,"['bps', 'lansir', 'duduk', 'miskin', 'kab', 'amp', 'kota', 'jawa', 'timur', 'hasil', '3', 'wilayah', 'atas', 'asal', 'pulau', 'madura', 'sampang', 'bangkal', 'sumenep', 'daerah', 'kota', 'milik', 'persentase', 'miskin', '3', '79', '7', '37', 'grafisdatajtv', 'https', 't', 'co', 'wpshfrey2s']",-12,-1
wilayah banyuwangi masuk miskin ekstrem banyuwangi rangka tekan angka miskin ekstrem kabupaten ujung timur pulau jawa bupati banyuwangi ipuk fiestiandani azwar anas gelontor program program https t co rmm2zd7i2o,"['wilayah', 'banyuwangi', 'masuk', 'miskin', 'ekstrem', 'banyuwangi', 'rangka', 'tekan', 'angka', 'miskin', 'ekstrem', 'kabupaten', 'ujung', 'timur', 'pulau', 'jawa', 'bupati', 'banyuwangi', 'ipuk', 'fiestiandani', 'azwar', 'anas', 'gelontor', 'program', 'program', 'https', 't', 'co', 'rmm2zd7i2o']",-23,-1
jogja istimewa tingkat miskin jawa dasar provinsi diy 11 49 persen jawa 10 98 persen jawa timur 10 49 jawa barat 7 98 banten 6 24 persen dki jakarta 4 61 persen,"['jogja', 'istimewa', 'tingkat', 'miskin', 'jawa', 'dasar', 'provinsi', 'diy', '11', '49', 'persen', 'jawa', '10', '98', 'persen', 'jawa', 'timur', '10', '49', 'jawa', 'barat', '7', '98', 'banten', '6', '24', 'persen', 'dki', 'jakarta', '4', '61', 'persen']",4,1
1996 2022 turun angka miskin tinggi jawa 2002 era gubernur murdiyanto non partai militer turun miskin 16 5 miskin 1999 8 7 juta jiwa ubah angka miskin https t co e14xu54vr8,"['1996', '2022', 'turun', 'angka', 'miskin', 'tinggi', 'jawa', '2002', 'era', 'gubernur', 'murdiyanto', 'non', 'partai', 'militer', 'turun', 'miskin', '16', '5', 'miskin', '1999', '8', '7', 'juta', 'jiwa', 'ubah', 'angka', 'miskin', 'https', 't', 'co', 'e14xu54vr8']",-21,-1
abdulrachimmks sprtnya angka miskin ekstrem jateng yang 620 ribu lebih seksi daripada 941 ribu jawa barat 1 747 jt jawa timur,"['abdulrachimmks', 'sprtnya', 'angka', 'miskin', 'ekstrem', 'jateng', 'yang', '620', 'ribu', 'lebih', 'seksi', 'daripada', '941', 'ribu', 'jawa', 'barat', '1', '747', 'jt', 'jawa', 'timur']",-16,-1
turun miskin jawa faktor baik ekonomi dominan sunti bantu sosial realisasi sbb tahun 2021 dki rp 531 milyar jateng rp 8 822 milyar tahun 2022 dki rp 528 milyar jateng rp 7 477 milyar cc munir timur reiza patters https t co 6wg8b4g9wa,"['turun', 'miskin', 'jawa', 'faktor', 'baik', 'ekonomi', 'dominan', 'sunti', 'bantu', 'sosial', 'realisasi', 'sbb', 'tahun', '2021', 'dki', 'rp', '531', 'milyar', 'jateng', 'rp', '8', '822', 'milyar', 'tahun', '2022', 'dki', 'rp', '528', 'milyar', 'jateng', 'rp', '7', '477', 'milyar', 'cc', 'munir', 'timur', 'reiza', 'patters', 'https', 't', 'co', '6wg8b4g9wa']",-8,-1
vivacoid janji saja pa calon presiden hasil tidak lihat lagi jawa timur saja jadi daerah miskin berantas miskin indonesia,"['vivacoid', 'janji', 'saja', 'pa', 'calon', 'presiden', 'hasil', 'tidak', 'lihat', 'lagi', 'jawa', 'timur', 'saja', 'jadi', 'daerah', 'miskin', 'berantas', 'miskin', 'indonesia']",-21,-1
vivacoid jawa timur saja miskin parah bicara pa eek ganjar,"['vivacoid', 'jawa', 'timur', 'saja', 'miskin', 'parah', 'bicara', 'pa', 'eek', 'ganjar']",-21,-1
bambangmulyonoo realprincetotty saya orang jawa barat tidak jawa barat sukses entas miskin warga jawa jawa timur lihat buanyak warga miskin jawa barat survey abal 2 tanggap berita kadal gurun benar,"['bambangmulyonoo', 'realprincetotty', 'saya', 'orang', 'jawa', 'barat', 'tidak', 'jawa', 'barat', 'sukses', 'entas', 'miskin', 'warga', 'jawa', 'jawa', 'timur', 'lihat', 'buanyak', 'warga', 'miskin', 'jawa', 'barat', 'survey', 'abal', '2', 'tanggap', 'berita', 'kadal', 'gurun', 'benar']",-18,-1
enam provinsi pulau jawa catat angka miskin provinsi jawa 9 5 10 jawa timur 8 5 8 90 daerah istimewa yogyakarta diy 10 85 11 2 korea gigi fullvideo giselle https t co wek4qyuhyd,"['enam', 'provinsi', 'pulau', 'jawa', 'catat', 'angka', 'miskin', 'provinsi', 'jawa', '9', '5', '10', 'jawa', 'timur', '8', '5', '8', '90', 'daerah', 'istimewa', 'yogyakarta', 'diy', '10', '85', '11', '2', 'korea', 'gigi', 'fullvideo', 'giselle', 'https', 't', 'co', 'wek4qyuhyd']",-5,-1
manusia serang jawa miskin elektoral capres yang dukung miskin jawa timur jawa barat https t co wq82cf6ivx,"['manusia', 'serang', 'jawa', 'miskin', 'elektoral', 'capres', 'yang', 'dukung', 'miskin', 'jawa', 'timur', 'jawa', 'barat', 'https', 't', 'co', 'wq82cf6ivx']",-12,-1
cinnamongirlc onok konco bicara jarene jawa timur wes bebas miskin tapi ambek lontang lantung nang jakarta cekel duek 500ewu,"['cinnamongirlc', 'onok', 'konco', 'bicara', 'jarene', 'jawa', 'timur', 'wes', 'bebas', 'miskin', 'tapi', 'ambek', 'lontang', 'lantung', 'nang', 'jakarta', 'cekel', 'duek', '500ewu']",-9,-1
tidak sesumbar indonesia deh berantas miskin ekstrem jawa basis elektoral pdip https t co 57kairr68c,"['tidak', 'sesumbar', 'indonesia', 'deh', 'berantas', 'miskin', 'ekstrem', 'jawa', 'basis', 'elektoral', 'pdip', 'https', 't', 'co', '57kairr68c']",-14,-1
oposisicerdas data miskin jawa jateng baik badan pusat statistik bps provinsi dengan duduk miskin ri tahun 2022 jawa timur 4 236 510 jiwa jawa barat 4 053 620 jiwa jawa 3 858 230 jiwa,"['oposisicerdas', 'data', 'miskin', 'jawa', 'jateng', 'baik', 'badan', 'pusat', 'statistik', 'bps', 'provinsi', 'dengan', 'duduk', 'miskin', 'ri', 'tahun', '2022', 'jawa', 'timur', '4', '236', '510', 'jiwa', 'jawa', 'barat', '4', '053', '620', 'jiwa', 'jawa', '3', '858', '230', 'jiwa']",-10,-1
doktertifa aniesbaswedan miskin rang didik dasar data jawa 256 guru jawa timur total 338 guru jawa barat guru tinggi 392 ayo ganjar lari lari,"['doktertifa', 'aniesbaswedan', 'miskin', 'rang', 'didik', 'dasar', 'data', 'jawa', '256', 'guru', 'jawa', 'timur', 'total', '338', 'guru', 'jawa', 'barat', 'guru', 'tinggi', '392', 'ayo', 'ganjar', 'lari', 'lari']",1,1
munir timur miduk17 ganjar jabat gubernur jawa tahun 2013 2023 idm jateng tahun 2016 0 6292 status kembang idm jateng tahun 2022 0 7119 status maju p ganjar tingkat status idm dari kembang maju bagaimana tingkat miskin jakarta anies jabat https t co xg5a719cww,"['munir', 'timur', 'miduk17', 'ganjar', 'jabat', 'gubernur', 'jawa', 'tahun', '2013', '2023', 'idm', 'jateng', 'tahun', '2016', '0', '6292', 'status', 'kembang', 'idm', 'jateng', 'tahun', '2022', '0', '7119', 'status', 'maju', 'p', 'ganjar', 'tingkat', 'status', 'idm', 'dari', 'kembang', 'maju', 'bagaimana', 'tingkat', 'miskin', 'jakarta', 'anies', 'jabat', 'https', 't', 'co', 'xg5a719cww']",-2,-1
munir timur miduk17 untuk nilai pimpin tidak salah satu banding prestasi beberapa tahun jabat coba banding tingkat keminskinan jakarta amp jawa tahun 2017 2022 yang lebih hasil kurang miskin saya tidak berani,"['munir', 'timur', 'miduk17', 'untuk', 'nilai', 'pimpin', 'tidak', 'salah', 'satu', 'banding', 'prestasi', 'beberapa', 'tahun', 'jabat', 'coba', 'banding', 'tingkat', 'keminskinan', 'jakarta', 'amp', 'jawa', 'tahun', '2017', '2022', 'yang', 'lebih', 'hasil', 'kurang', 'miskin', 'saya', 'tidak', 'berani']",-20,-1
hasil survei baru lsi denny ja masyarakat ragu mampu ganjar pranowo calon presiden pdip kelola ekonomi nasional sebab angka miskin provinsi jawa timur jatim nilai ganjar,"['hasil', 'survei', 'baru', 'lsi', 'denny', 'ja', 'masyarakat', 'ragu', 'mampu', 'ganjar', 'pranowo', 'calon', 'presiden', 'pdip', 'kelola', 'ekonomi', 'nasional', 'sebab', 'angka', 'miskin', 'provinsi', 'jawa', 'timur', 'jatim', 'nilai', 'ganjar']",6,1
che20palma ganjarpranowo baca data trend turun miskin banding jawa barat jawa timur jateng urut dibwah antar 2 prov sebut penuruan kmiskinan jadi shrusnya jago ridwan kamil khofifah yang maju capres bandung ganjar,"['che20palma', 'ganjarpranowo', 'baca', 'data', 'trend', 'turun', 'miskin', 'banding', 'jawa', 'barat', 'jawa', 'timur', 'jateng', 'urut', 'dibwah', 'antar', '2', 'prov', 'sebut', 'penuruan', 'kmiskinan', 'jadi', 'shrusnya', 'jago', 'ridwan', 'kamil', 'khofifah', 'yang', 'maju', 'capres', 'bandung', 'ganjar']",-7,-1
angka miskin kabupaten lumajang jawa timur 2022 capai 9 06 persen angka alami turun banding 2021 https t co 3cdtfqmgqz,"['angka', 'miskin', 'kabupaten', 'lumajang', 'jawa', 'timur', '2022', 'capai', '9', '06', 'persen', 'angka', 'alami', 'turun', 'banding', '2021', 'https', 't', 'co', '3cdtfqmgqz']",-9,-1
angka miskin kabupaten lumajang jawa timur 2022 capai 9 06 persen angka alami turun banding 2021 capai 10 05 persen senin 29 5 2023 lengkap https t co lemsmjrtae https t co l49tluekdt,"['angka', 'miskin', 'kabupaten', 'lumajang', 'jawa', 'timur', '2022', 'capai', '9', '06', 'persen', 'angka', 'alami', 'turun', 'banding', '2021', 'capai', '10', '05', 'persen', 'senin', '29', '5', '2023', 'lengkap', 'https', 't', 'co', 'lemsmjrtae', 'https', 't', 'co', 'l49tluekdt']",-9,-1
nawakngalam amp nawakperecana kepala bappeda kota malang kepala bappeda provinsi jawa timur rangkai giat rapat koordinasi tim koordinasi tanggulang miskin selenggara bappeda provinsi jawa timur santika hotel surabaya https t co k1mshmvklx,"['nawakngalam', 'amp', 'nawakperecana', 'kepala', 'bappeda', 'kota', 'malang', 'kepala', 'bappeda', 'provinsi', 'jawa', 'timur', 'rangkai', 'giat', 'rapat', 'koordinasi', 'tim', 'koordinasi', 'tanggulang', 'miskin', 'selenggara', 'bappeda', 'provinsi', 'jawa', 'timur', 'santika', 'hotel', 'surabaya', 'https', 't', 'co', 'k1mshmvklx']",-13,-1
rifqizuhdi281 ardhanifariz ch chotimah2 kalau tahu orang miskin pergi k lampung jawa jawa timur duduk padat maklum kalau miskin tapi bili bahan pokok juga murah lapung duduk paruh jawa jawa timur masih kemiskinanan,"['rifqizuhdi281', 'ardhanifariz', 'ch', 'chotimah2', 'kalau', 'tahu', 'orang', 'miskin', 'pergi', 'k', 'lampung', 'jawa', 'jawa', 'timur', 'duduk', 'padat', 'maklum', 'kalau', 'miskin', 'tapi', 'bili', 'bahan', 'pokok', 'juga', 'murah', 'lapung', 'duduk', 'paruh', 'jawa', 'jawa', 'timur', 'masih', 'kemiskinanan']",-18,-1
bacaleg partai perindo komitmen entas miskin kota surabaya jawa timur langkah nyata bagi gerobak perindo sindonews news https t co dmliye1ezp,"['bacaleg', 'partai', 'perindo', 'komitmen', 'entas', 'miskin', 'kota', 'surabaya', 'jawa', 'timur', 'langkah', 'nyata', 'bagi', 'gerobak', 'perindo', 'sindonews', 'news', 'https', 't', 'co', 'dmliye1ezp']",-6,-1
termos sergio fakta miskin jawa peringkat 17 nasoional jalan jawa rusak parah banjir mana buruh tukang bangun kuli sawah rantau jakarta jawa timur umkm bangga bangga wadas gimana kabar,"['termos', 'sergio', 'fakta', 'miskin', 'jawa', 'peringkat', '17', 'nasoional', 'jalan', 'jawa', 'rusak', 'parah', 'banjir', 'mana', 'buruh', 'tukang', 'bangun', 'kuli', 'sawah', 'rantau', 'jakarta', 'jawa', 'timur', 'umkm', 'bangga', 'bangga', 'wadas', 'gimana', 'kabar']",-11,-1
liput kualitas project m kali bicara fenomena kawin anak jawa timur akar miskin struktural balik politis nyaleg dapil jawa timur mustinya angkat isu program utama,"['liput', 'kualitas', 'project', 'm', 'kali', 'bicara', 'fenomena', 'kawin', 'anak', 'jawa', 'timur', 'akar', 'miskin', 'struktural', 'balik', 'politis', 'nyaleg', 'dapil', 'jawa', 'timur', 'mustinya', 'angkat', 'isu', 'program', 'utama']",-3,-1
impi kubur miskin subur korban putus sekolah kawin anak jawa timur https t co er0wqlu2eh,"['impi', 'kubur', 'miskin', 'subur', 'korban', 'putus', 'sekolah', 'kawin', 'anak', 'jawa', 'timur', 'https', 't', 'co', 'er0wqlu2eh']",-6,-1
mathur husyairi nyaleg pbb miskin jawa timur atensi pokok https t co xrjw9vvzrl,"['mathur', 'husyairi', 'nyaleg', 'pbb', 'miskin', 'jawa', 'timur', 'atensi', 'pokok', 'https', 't', 'co', 'xrjw9vvzrl']",-3,-1
miskin ekstrem jateng darat jawa ipm hdi tidak provinsi indeks bangun sehat masyarakat ipkm rendah darat jawa idm indeks desa bangun kalah jabar amp jatim angka stunting https t co uu1r0trmf5,"['miskin', 'ekstrem', 'jateng', 'darat', 'jawa', 'ipm', 'hdi', 'tidak', 'provinsi', 'indeks', 'bangun', 'sehat', 'masyarakat', 'ipkm', 'rendah', 'darat', 'jawa', 'idm', 'indeks', 'desa', 'bangun', 'kalah', 'jabar', 'amp', 'jatim', 'angka', 'stunting', 'https', 't', 'co', 'uu1r0trmf5']",-21,-1
wagub jatim turun penganghuran miskin jawa timur wagubjatim emildardak pemprovjatim wargajatim jawatimur trendingtiktok mediaindonesia indonesia viralindonesia breakingnews pesonaindonesia https t co 9bfl2ru7dv,"['wagub', 'jatim', 'turun', 'penganghuran', 'miskin', 'jawa', 'timur', 'wagubjatim', 'emildardak', 'pemprovjatim', 'wargajatim', 'jawatimur', 'trendingtiktok', 'mediaindonesia', 'indonesia', 'viralindonesia', 'breakingnews', 'pesonaindonesia', 'https', 't', 'co', '9bfl2ru7dv']",-7,-1
brebes daerah miskin ekstrem tinggi jawa bps 34 desa kategori miskin ekstrem 2021 kades fokus kelola apbdes ikut copras capres tumbuh desa tinggal desa maju,"['brebes', 'daerah', 'miskin', 'ekstrem', 'tinggi', 'jawa', 'bps', '34', 'desa', 'kategori', 'miskin', 'ekstrem', '2021', 'kades', 'fokus', 'kelola', 'apbdes', 'ikut', 'copras', 'capres', 'tumbuh', 'desa', 'tinggal', 'desa', 'maju']",-21,-1
pariwisata solusi bantu atas miskin pariwisata cipta lapang kerja kualitas buka cross kolaborasi pariwisata ekonomi kreatif bupati sumenep jawa timur achmad fauzi wongsojudo sendiri upaya tekan angka miskin https t co jbko7rictw,"['pariwisata', 'solusi', 'bantu', 'atas', 'miskin', 'pariwisata', 'cipta', 'lapang', 'kerja', 'kualitas', 'buka', 'cross', 'kolaborasi', 'pariwisata', 'ekonomi', 'kreatif', 'bupati', 'sumenep', 'jawa', 'timur', 'achmad', 'fauzi', 'wongsojudo', 'sendiri', 'upaya', 'tekan', 'angka', 'miskin', 'https', 't', 'co', 'jbko7rictw']",-9,-1
data bps jawa timur angka miskin kabupaten sumenep 2022 sisa 18 76 turun ketimbang 2021 capai 20 51 https t co zynhzr1av9,"['data', 'bps', 'jawa', 'timur', 'angka', 'miskin', 'kabupaten', 'sumenep', '2022', 'sisa', '18', '76', 'turun', 'ketimbang', '2021', 'capai', '20', '51', 'https', 't', 'co', 'zynhzr1av9']",-15,-1
miskin jawa timur bumd perban https t co xopjtidico,"['miskin', 'jawa', 'timur', 'bumd', 'perban', 'https', 't', 'co', 'xopjtidico']",-8,-1
brebes jateng daerah miskin ekstrem tiga darat jawa brebes daerah miskin ekstrem tinggi provinsi jawa 10 11 darat jawa brebes daerah miskin ekstrem bangkal jatim 12 25 sumenap jatim https t co 3oypw1zgr2,"['brebes', 'jateng', 'daerah', 'miskin', 'ekstrem', 'tiga', 'darat', 'jawa', 'brebes', 'daerah', 'miskin', 'ekstrem', 'tinggi', 'provinsi', 'jawa', '10', '11', 'darat', 'jawa', 'brebes', 'daerah', 'miskin', 'ekstrem', 'bangkal', 'jatim', '12', '25', 'sumenap', 'jatim', 'https', 't', 'co', '3oypw1zgr2']",-30,-1
jelli cent ganjarpranowo pdi juang jateng jalan rusak kena bencana miskin warga tingkat gubernur joging jakarta jawa barat jawa timur jateng tidak jalan nyaman untuk joging kale ya https t co zhmibz6px3,"['jelli', 'cent', 'ganjarpranowo', 'pdi', 'juang', 'jateng', 'jalan', 'rusak', 'kena', 'bencana', 'miskin', 'warga', 'tingkat', 'gubernur', 'joging', 'jakarta', 'jawa', 'barat', 'jawa', 'timur', 'jateng', 'tidak', 'jalan', 'nyaman', 'untuk', 'joging', 'kale', 'ya', 'https', 't', 'co', 'zhmibz6px3']",-14,-1
panca126 munir timur miskin jawa tanggulang,"['panca126', 'munir', 'timur', 'miskin', 'jawa', 'tanggulang']",-3,-1
perintah kabupaten bojonegoro kontribusi upaya turun angka miskin daerah dasar data bps provinsi jawa timur kabupaten bojonegoro urut 2 tinggi jawa timur persentase turun miskin uru https t co 1dmnpsdfaq,"['perintah', 'kabupaten', 'bojonegoro', 'kontribusi', 'upaya', 'turun', 'angka', 'miskin', 'daerah', 'dasar', 'data', 'bps', 'provinsi', 'jawa', 'timur', 'kabupaten', 'bojonegoro', 'urut', '2', 'tinggi', 'jawa', 'timur', 'persentase', 'turun', 'miskin', 'uru', 'https', 't', 'co', '1dmnpsdfaq']",-19,-1
janggal harta kaya bupati sampang harta kaya bupati sampang banding balik dengan kondisi miskin kab sampang bahwa 217 970 duduk yang hidup bawah garis miskin kenal bagai kantung miskin jawa timur kpk tidak curiga https t co dregtqikah,"['janggal', 'harta', 'kaya', 'bupati', 'sampang', 'harta', 'kaya', 'bupati', 'sampang', 'banding', 'balik', 'dengan', 'kondisi', 'miskin', 'kab', 'sampang', 'bahwa', '217', '970', 'duduk', 'yang', 'hidup', 'bawah', 'garis', 'miskin', 'kenal', 'bagai', 'kantung', 'miskin', 'jawa', 'timur', 'kpk', 'tidak', 'curiga', 'https', 't', 'co', 'dregtqikah']",-39,-1
level pra pandemi jawa timur syukur angka miskin desa rendah pra pandemi progres desa emil lengkap https t co 0ll8141cef,"['level', 'pra', 'pandemi', 'jawa', 'timur', 'syukur', 'angka', 'miskin', 'desa', 'rendah', 'pra', 'pandemi', 'progres', 'desa', 'emil', 'lengkap', 'https', 't', 'co', '0ll8141cef']",-16,-1
miskin anggur jawa timur fokus kerja rumah pr perintah khofifah indar parawansa emil elestianto dardak pimpin provinsi jawa timur nyata wakil gubernur jatim emil elestianto dardak,"['miskin', 'anggur', 'jawa', 'timur', 'fokus', 'kerja', 'rumah', 'pr', 'perintah', 'khofifah', 'indar', 'parawansa', 'emil', 'elestianto', 'dardak', 'pimpin', 'provinsi', 'jawa', 'timur', 'nyata', 'wakil', 'gubernur', 'jatim', 'emil', 'elestianto', 'dardak']",-6,-1
munir timur miduk17 aniesbaswedan tinggi ump jakarta tidak banding dengan keluar hidup warga angka miskin tambah warga bahagia rendah ump jateng sesuai dengan keluar hidup warga angka miskin turun indeks bahagia warga jawa roket,"['munir', 'timur', 'miduk17', 'aniesbaswedan', 'tinggi', 'ump', 'jakarta', 'tidak', 'banding', 'dengan', 'keluar', 'hidup', 'warga', 'angka', 'miskin', 'tambah', 'warga', 'bahagia', 'rendah', 'ump', 'jateng', 'sesuai', 'dengan', 'keluar', 'hidup', 'warga', 'angka', 'miskin', 'turun', 'indeks', 'bahagia', 'warga', 'jawa', 'roket']",-19,-1
miskin penggangguran jawa timur akar ujung sebut fokus pr perintah khofifah emil dardak doktordoevebiliyoruz maythe4thbewithyou jennie missuniversephilippines hbdsouthqueentrisha 4mei https t co fg6teztuow,"['miskin', 'penggangguran', 'jawa', 'timur', 'akar', 'ujung', 'sebut', 'fokus', 'pr', 'perintah', 'khofifah', 'emil', 'dardak', 'doktordoevebiliyoruz', 'maythe4thbewithyou', 'jennie', 'missuniversephilippines', 'hbdsouthqueentrisha', '4mei', 'https', 't', 'co', 'fg6teztuow']",-8,-1
miskin anggur jawa timur fokus kerja rumah pr perintah khofifah indar parawansa emil elestianto dardak pimpin provinsi jawa timur emildardak wagubjatim jawatimur trending lengkap https t co 6ziie82fva,"['miskin', 'anggur', 'jawa', 'timur', 'fokus', 'kerja', 'rumah', 'pr', 'perintah', 'khofifah', 'indar', 'parawansa', 'emil', 'elestianto', 'dardak', 'pimpin', 'provinsi', 'jawa', 'timur', 'emildardak', 'wagubjatim', 'jawatimur', 'trending', 'lengkap', 'https', 't', 'co', '6ziie82fva']",-9,-1
bupati kampung madura dengan program hasil jadi sumenep bagai kab yang raih prestasi umk sumenep tinggi madura angka miskin turun drastis hasil achmadfauzi wy sumenep madura madura jawa timur https t co ye8nplmbne,"['bupati', 'kampung', 'madura', 'dengan', 'program', 'hasil', 'jadi', 'sumenep', 'bagai', 'kab', 'yang', 'raih', 'prestasi', 'umk', 'sumenep', 'tinggi', 'madura', 'angka', 'miskin', 'turun', 'drastis', 'hasil', 'achmadfauzi', 'wy', 'sumenep', 'madura', 'madura', 'jawa', 'timur', 'https', 't', 'co', 'ye8nplmbne']",-4,-1
munir timur warga jateng falsafah jawa yang kuat urus dunia jawab hadap mereka yang mempolitisir miskin prett mereka,"['munir', 'timur', 'warga', 'jateng', 'falsafah', 'jawa', 'yang', 'kuat', 'urus', 'dunia', 'jawab', 'hadap', 'mereka', 'yang', 'mempolitisir', 'miskin', 'prett', 'mereka']",-19,-1
memejamkanmata catreonot kalau bilang sunda males jawa males data bps jogjakarta provinsi miskin pulang jawa jawa timur miskin nya buanyak 4 236 juta orang jabar 4 05 juta turun populasi banyak jabar jatim 55 22 ribu orang,"['memejamkanmata', 'catreonot', 'kalau', 'bilang', 'sunda', 'males', 'jawa', 'males', 'data', 'bps', 'jogjakarta', 'provinsi', 'miskin', 'pulang', 'jawa', 'jawa', 'timur', 'miskin', 'nya', 'buanyak', '4', '236', 'juta', 'orang', 'jabar', '4', '05', 'juta', 'turun', 'populasi', 'banyak', 'jabar', 'jatim', '55', '22', 'ribu', 'orang']",-14,-1
yoga28303377 munir timur turut turun miskin jawa turun anak cucu,"['yoga28303377', 'munir', 'timur', 'turut', 'turun', 'miskin', 'jawa', 'turun', 'anak', 'cucu']",-12,-1
fyi tweps provinsi jawa timur salah tujuh provinsi jadi pilot project program cepat entas miskin ekstrem indonesia berhakhiduplayak lawan miskin,"['fyi', 'tweps', 'provinsi', 'jawa', 'timur', 'salah', 'tujuh', 'provinsi', 'jadi', 'pilot', 'project', 'program', 'cepat', 'entas', 'miskin', 'ekstrem', 'indonesia', 'berhakhiduplayak', 'lawan', 'miskin']",-22,-1
maksimal rancang rancang program kerja milik bakorwil inovasi proses upaya entas miskin kurang angka pengaangguran jawa timur dprdjatim dprd jatim kunker umkmjatim ekonomijatim,"['maksimal', 'rancang', 'rancang', 'program', 'kerja', 'milik', 'bakorwil', 'inovasi', 'proses', 'upaya', 'entas', 'miskin', 'kurang', 'angka', 'pengaangguran', 'jawa', 'timur', 'dprdjatim', 'dprd', 'jatim', 'kunker', 'umkmjatim', 'ekonomijatim']",-2,-1
munir timur pada tani jawa era orba revolusi hijau bilang kerja keras rajin ulet hemat data statistik sebut tkt miskin maka sebab bijak perintah set4 daya tani pasar,"['munir', 'timur', 'pada', 'tani', 'jawa', 'era', 'orba', 'revolusi', 'hijau', 'bilang', 'kerja', 'keras', 'rajin', 'ulet', 'hemat', 'data', 'statistik', 'sebut', 'tkt', 'miskin', 'maka', 'sebab', 'bijak', 'perintah', 'set4', 'daya', 'tani', 'pasar']",-5,-1
munir timur era 80 an debat kalang ekonom amp ilmu sosial miskin jawa sebab faktor budaya cultural poverty faktor miskin struktural budaya miskin taut dengan fatalisme malas konform tiada jaring sosial miskin struktural,"['munir', 'timur', 'era', '80', 'an', 'debat', 'kalang', 'ekonom', 'amp', 'ilmu', 'sosial', 'miskin', 'jawa', 'sebab', 'faktor', 'budaya', 'cultural', 'poverty', 'faktor', 'miskin', 'struktural', 'budaya', 'miskin', 'taut', 'dengan', 'fatalisme', 'malas', 'konform', 'tiada', 'jaring', 'sosial', 'miskin', 'struktural']",-19,-1
tan mar3m jawa bikin miskin belah timur kendali tipu miskin dekat kufur coba maha nkri nahdlatululama,"['tan', 'mar3m', 'jawa', 'bikin', 'miskin', 'belah', 'timur', 'kendali', 'tipu', 'miskin', 'dekat', 'kufur', 'coba', 'maha', 'nkri', 'nahdlatululama']",-18,-1
10 daerah sumbang tinggi miskin jawa timur 2022 https t co f1zfy8y1ag,"['10', 'daerah', 'sumbang', 'tinggi', 'miskin', 'jawa', 'timur', '2022', 'https', 't', 'co', 'f1zfy8y1ag']",-8,-1
munir timur miskin bodoh mudah sogok pakai amplop sebab puruk jawa,"['munir', 'timur', 'miskin', 'bodoh', 'mudah', 'sogok', 'pakai', 'amplop', 'sebab', 'puruk', 'jawa']",-2,-1
kalau pakai sumber data yang cnbc garus miskin jakarta 2x garis miskin jawa timur september 2022 garis kemisikinan jakarta nila 773 370 kapita bulan https t co ilehmlduwp,"['kalau', 'pakai', 'sumber', 'data', 'yang', 'cnbc', 'garus', 'miskin', 'jakarta', '2x', 'garis', 'miskin', 'jawa', 'timur', 'september', '2022', 'garis', 'kemisikinan', 'jakarta', 'nila', '773', '370', 'kapita', 'bulan', 'https', 't', 'co', 'ilehmlduwp']",-24,-1
munir timur lihat ya pas jabat tidak nurunin miskin jawa jakarta tuh duduk ya juga beda,"['munir', 'timur', 'lihat', 'ya', 'pas', 'jabat', 'tidak', 'nurunin', 'miskin', 'jawa', 'jakarta', 'tuh', 'duduk', 'ya', 'juga', 'beda']",-9,-1
jurigngariwig rfgl88 munir timur aniesbaswedan ganjarpranowo salah ganjar jateng prov miskin pulau jawa berpuluh2 yang ganjar jabat miskin jateng turun jurig unyillll,"['jurigngariwig', 'rfgl88', 'munir', 'timur', 'aniesbaswedan', 'ganjarpranowo', 'salah', 'ganjar', 'jateng', 'prov', 'miskin', 'pulau', 'jawa', 'berpuluh2', 'yang', 'ganjar', 'jabat', 'miskin', 'jateng', 'turun', 'jurig', 'unyillll']",-20,-1
munir timur mimpin ibukota apbd yang wilayah yang banding jawa tapi angka miskin dki bawah pimpin anis alami naik,"['munir', 'timur', 'mimpin', 'ibukota', 'apbd', 'yang', 'wilayah', 'yang', 'banding', 'jawa', 'tapi', 'angka', 'miskin', 'dki', 'bawah', 'pimpin', 'anis', 'alami', 'naik']",-17,-1
ginanjarfindana kigundulg munir timur jhonnisinaga20 aniesbaswedan data bps pimpin ganjar pranowo miskin jawa turun data bps pimpin anies baswedan miskin jakarta begitu aza kok repot,"['ginanjarfindana', 'kigundulg', 'munir', 'timur', 'jhonnisinaga20', 'aniesbaswedan', 'data', 'bps', 'pimpin', 'ganjar', 'pranowo', 'miskin', 'jawa', 'turun', 'data', 'bps', 'pimpin', 'anies', 'baswedan', 'miskin', 'jakarta', 'begitu', 'aza', 'kok', 'repot']",-21,-1
chintya97475081 munir timur jateng turun miskin prestadi ganjar lapang kerja jawa umr rantau tki bawa sejahtera coba cek tki jateng,"['chintya97475081', 'munir', 'timur', 'jateng', 'turun', 'miskin', 'prestadi', 'ganjar', 'lapang', 'kerja', 'jawa', 'umr', 'rantau', 'tki', 'bawa', 'sejahtera', 'coba', 'cek', 'tki', 'jateng']",-7,-1
bachrum achmadi ilmiah nya jawa jalan rusak miskin alir percaya religius begitu kali kalau jawa timur religius,"['bachrum', 'achmadi', 'ilmiah', 'nya', 'jawa', 'jalan', 'rusak', 'miskin', 'alir', 'percaya', 'religius', 'begitu', 'kali', 'kalau', 'jawa', 'timur', 'religius']",-5,-1
islah bahrawi hubung dengan afganistan cocok suruh tinggal d jawa jawa timur sj dsna agama d jadi komoditas politik pelihara kebodoham miskin suara bisa d beli ormas agama kuasa politik,"['islah', 'bahrawi', 'hubung', 'dengan', 'afganistan', 'cocok', 'suruh', 'tinggal', 'd', 'jawa', 'jawa', 'timur', 'sj', 'dsna', 'agama', 'd', 'jadi', 'komoditas', 'politik', 'pelihara', 'kebodoham', 'miskin', 'suara', 'bisa', 'd', 'beli', 'ormas', 'agama', 'kuasa', 'politik']",-13,-1
munir timur tambah lagi variabel jateng yang miskin turun tapi stunting tinggi darat jawa stunting miskin variabel linier tidak linier ngaco,"['munir', 'timur', 'tambah', 'lagi', 'variabel', 'jateng', 'yang', 'miskin', 'turun', 'tapi', 'stunting', 'tinggi', 'darat', 'jawa', 'stunting', 'miskin', 'variabel', 'linier', 'tidak', 'linier', 'ngaco']",-23,-1
munir timur pandemi covid 19 2020 2021 angka miskin jawa alami naik 2020 angka miskin angka 3 98 juta jiwa 2021 4 10 juta jiwa 2022 angka hasil turun 3 83 juta jiwa,"['munir', 'timur', 'pandemi', 'covid', '19', '2020', '2021', 'angka', 'miskin', 'jawa', 'alami', 'naik', '2020', 'angka', 'miskin', 'angka', '3', '98', 'juta', 'jiwa', '2021', '4', '10', 'juta', 'jiwa', '2022', 'angka', 'hasil', 'turun', '3', '83', 'juta', 'jiwa']",-10,-1
munir timur polisi sebut 8 000 ribu kepala keluarga dampak banjir rob terjang labuh tanjung emas semarang mei 2022 4 angka miskin miskin sektor sorot pimpin ganjar gubernur jawa,"['munir', 'timur', 'polisi', 'sebut', '8', '000', 'ribu', 'kepala', 'keluarga', 'dampak', 'banjir', 'rob', 'terjang', 'labuh', 'tanjung', 'emas', 'semarang', 'mei', '2022', '4', 'angka', 'miskin', 'miskin', 'sektor', 'sorot', 'pimpin', 'ganjar', 'gubernur', 'jawa']",-10,-1
munir timur pr ganjar pranowo jateng konflik wadas miskin utas gubernur jawa ganjar pranowo resmi didapuk calon presiden capres milu 2024 pdi juang pdip jabat gubernur https t co owe86bwgvr,"['munir', 'timur', 'pr', 'ganjar', 'pranowo', 'jateng', 'konflik', 'wadas', 'miskin', 'utas', 'gubernur', 'jawa', 'ganjar', 'pranowo', 'resmi', 'didapuk', 'calon', 'presiden', 'capres', 'milu', '2024', 'pdi', 'juang', 'pdip', 'jabat', 'gubernur', 'https', 't', 'co', 'owe86bwgvr']",5,1
musyawarah rencana bangun kerja perintah daerah rkpd provinsi jawa timur bahas poin target pencampaian 2024 sektor koreksi miskin ekonomi pulih covid 19 https t co auezatz4jw,"['musyawarah', 'rencana', 'bangun', 'kerja', 'perintah', 'daerah', 'rkpd', 'provinsi', 'jawa', 'timur', 'bahas', 'poin', 'target', 'pencampaian', '2024', 'sektor', 'koreksi', 'miskin', 'ekonomi', 'pulih', 'covid', '19', 'https', 't', 'co', 'auezatz4jw']",-4,-1
gubernur khofifah tekan prioritas bangun rkpd provinsi jawa timur 2024 didik kualitas tingkat layan sehat cepat turun miskin turun stunting sakit,"['gubernur', 'khofifah', 'tekan', 'prioritas', 'bangun', 'rkpd', 'provinsi', 'jawa', 'timur', '2024', 'didik', 'kualitas', 'tingkat', 'layan', 'sehat', 'cepat', 'turun', 'miskin', 'turun', 'stunting', 'sakit']",-8,-1
sesuai arah presiden ri menteri pan ribu azwar anas kantor bpsdm jawa timur ubah roadmap birokrasi fokus 4 prioritas tanggulang miskin tingkat investasi https t co l8qdxkp3mf,"['sesuai', 'arah', 'presiden', 'ri', 'menteri', 'pan', 'ribu', 'azwar', 'anas', 'kantor', 'bpsdm', 'jawa', 'timur', 'ubah', 'roadmap', 'birokrasi', 'fokus', '4', 'prioritas', 'tanggulang', 'miskin', 'tingkat', 'investasi', 'https', 't', 'co', 'l8qdxkp3mf']",2,1
ryawiedy berantas sungai jawa timur maksud miskin sulit temu sungai berantas,"['ryawiedy', 'berantas', 'sungai', 'jawa', 'timur', 'maksud', 'miskin', 'sulit', 'temu', 'sungai', 'berantas']",-1,-1
bupati baddrut belenggu miskin pamekasan news pamekasan rabu 5 april 2023 bupati pamekasan madura jawa timur the post bupati baddrut belenggu miskin pamekasan appeared first on news https t co coiobojhzo https t co el4gdh38na,"['bupati', 'baddrut', 'belenggu', 'miskin', 'pamekasan', 'news', 'pamekasan', 'rabu', '5', 'april', '2023', 'bupati', 'pamekasan', 'madura', 'jawa', 'timur', 'the', 'post', 'bupati', 'baddrut', 'belenggu', 'miskin', 'pamekasan', 'appeared', 'first', 'on', 'news', 'https', 't', 'co', 'coiobojhzo', 'https', 't', 'co', 'el4gdh38na']",-16,-1
jurus bupati fauzi belenggu miskin sumenep news sumenep selasa 4 april 2023 bupati sumenep madura jawa timur the post jurus bupati fauzi belenggu miskin sumenep appeared first on news https t co k40yilnaqs https t co ol8dim58wh,"['jurus', 'bupati', 'fauzi', 'belenggu', 'miskin', 'sumenep', 'news', 'sumenep', 'selasa', '4', 'april', '2023', 'bupati', 'sumenep', 'madura', 'jawa', 'timur', 'the', 'post', 'jurus', 'bupati', 'fauzi', 'belenggu', 'miskin', 'sumenep', 'appeared', 'first', 'on', 'news', 'https', 't', 'co', 'k40yilnaqs', 'https', 't', 'co', 'ol8dim58wh']",-16,-1
sempat hadap gubernur jawa timur bupati sumenep achmadfauzi wy beber upaya entas miskin wilayah salah satu maksimal badan amil zakat nasional baznas https t co jwkia7jja4,"['sempat', 'hadap', 'gubernur', 'jawa', 'timur', 'bupati', 'sumenep', 'achmadfauzi', 'wy', 'beber', 'upaya', 'entas', 'miskin', 'wilayah', 'salah', 'satu', 'maksimal', 'badan', 'amil', 'zakat', 'nasional', 'baznas', 'https', 't', 'co', 'jwkia7jja4']",-9,-1
bupati sumenep kolaborasi baznas turun angka miskin news sumenep minggu 2 april 2023 bupati sumenep madura jawa timur the post bupati sumenep kolaborasi baznas turun angka miskin appeared first https t co axmoxcimy7 https t co qoevyqsgu7,"['bupati', 'sumenep', 'kolaborasi', 'baznas', 'turun', 'angka', 'miskin', 'news', 'sumenep', 'minggu', '2', 'april', '2023', 'bupati', 'sumenep', 'madura', 'jawa', 'timur', 'the', 'post', 'bupati', 'sumenep', 'kolaborasi', 'baznas', 'turun', 'angka', 'miskin', 'appeared', 'first', 'https', 't', 'co', 'axmoxcimy7', 'https', 't', 'co', 'qoevyqsgu7']",-14,-1
hadap gubenur jawa timur bupati fauzi kan langkah taktis turun angka miskin sumenep memo online https t co 8h8fpd488o,"['hadap', 'gubenur', 'jawa', 'timur', 'bupati', 'fauzi', 'kan', 'langkah', 'taktis', 'turun', 'angka', 'miskin', 'sumenep', 'memo', 'online', 'https', 't', 'co', '8h8fpd488o']",-3,-1
jawa timur provinsi tinggi hasil turun angka miskin indonesia susul jawa urut https t co shjtokp9tu,"['jawa', 'timur', 'provinsi', 'tinggi', 'hasil', 'turun', 'angka', 'miskin', 'indonesia', 'susul', 'jawa', 'urut', 'https', 't', 'co', 'shjtokp9tu']",-3,-1
rancu takkala dana hibah solusi entas miskin pulau madura sumbang terbeaar miskin wilayah jawa timur statement dari bupati sumenep achmadfauzi wy salur dana hibah jatim komunikasi https t co 1bbrfedauu,"['rancu', 'takkala', 'dana', 'hibah', 'solusi', 'entas', 'miskin', 'pulau', 'madura', 'sumbang', 'terbeaar', 'miskin', 'wilayah', 'jawa', 'timur', 'statement', 'dari', 'bupati', 'sumenep', 'achmadfauzi', 'wy', 'salur', 'dana', 'hibah', 'jatim', 'komunikasi', 'https', 't', 'co', '1bbrfedauu']",0,0
malam minggu intip dana hibah jawa timur miskin madura sumbang jawa timur simpang dana hibah buka 3 korupsi data terima dana hibah tidak loh lantas dikemanain https t co oefz5etuvm,"['malam', 'minggu', 'intip', 'dana', 'hibah', 'jawa', 'timur', 'miskin', 'madura', 'sumbang', 'jawa', 'timur', 'simpang', 'dana', 'hibah', 'buka', '3', 'korupsi', 'data', 'terima', 'dana', 'hibah', 'tidak', 'loh', 'lantas', 'dikemanain', 'https', 't', 'co', 'oefz5etuvm']",0,0
bantah nyata mujahid ppp jatim tuju hibah hapus dpw ppp jawa timur dukung bentuk program bijak pemprov jatim entas miskin https t co llcbiblmzm politikpemerintahan habissalimquraisy via beritajatimcom,"['bantah', 'nyata', 'mujahid', 'ppp', 'jatim', 'tuju', 'hibah', 'hapus', 'dpw', 'ppp', 'jawa', 'timur', 'dukung', 'bentuk', 'program', 'bijak', 'pemprov', 'jatim', 'entas', 'miskin', 'https', 't', 'co', 'llcbiblmzm', 'politikpemerintahan', 'habissalimquraisy', 'via', 'beritajatimcom']",1,1
pasuruannewsupdate perintah kabupaten pasuruan dukung penuh perintah provinsi jawa timur upaya tanggulang miskin https t co euhuehyqkl https t co l5bwl5aol0,"['pasuruannewsupdate', 'perintah', 'kabupaten', 'pasuruan', 'dukung', 'penuh', 'perintah', 'provinsi', 'jawa', 'timur', 'upaya', 'tanggulang', 'miskin', 'https', 't', 'co', 'euhuehyqkl', 'https', 't', 'co', 'l5bwl5aol0']",-2,-1
kerja kerja kolaboratif hasil raih pemprov jawa timur kerangka kerja good governance catat bps periode maret 2021 maret 2022 provinsi jatim alami turun miskin 391 400 jiwa https t co wh5d1u94nu,"['kerja', 'kerja', 'kolaboratif', 'hasil', 'raih', 'pemprov', 'jawa', 'timur', 'kerangka', 'kerja', 'good', 'governance', 'catat', 'bps', 'periode', 'maret', '2021', 'maret', '2022', 'provinsi', 'jatim', 'alami', 'turun', 'miskin', '391', '400', 'jiwa', 'https', 't', 'co', 'wh5d1u94nu']",0,0
semenjak februari 2019 provinsi jawa timur hasil 198 harga turun angka miskin indonesia https t co ou47jzcsh9,"['semenjak', 'februari', '2019', 'provinsi', 'jawa', 'timur', 'hasil', '198', 'harga', 'turun', 'angka', 'miskin', 'indonesia', 'https', 't', 'co', 'ou47jzcsh9']",-1,-1
miskin desa jawa timur turun kota tingkat https t co eq6yrv5scl,"['miskin', 'desa', 'jawa', 'timur', 'turun', 'kota', 'tingkat', 'https', 't', 'co', 'eq6yrv5scl']",-7,-1
wagub emil miskin kota jatim miskin desa turun surabaya https t co ksziggp1k3 angka miskin desa provinsi jawa timur maret 2023 turun banding https t co llyhaodwrb politikpemerintahan emilelestiantodardak via beritajatimcom,"['wagub', 'emil', 'miskin', 'kota', 'jatim', 'miskin', 'desa', 'turun', 'surabaya', 'https', 't', 'co', 'ksziggp1k3', 'angka', 'miskin', 'desa', 'provinsi', 'jawa', 'timur', 'maret', '2023', 'turun', 'banding', 'https', 't', 'co', 'llyhaodwrb', 'politikpemerintahan', 'emilelestiantodardak', 'via', 'beritajatimcom']",-20,-1
malinau daerah tuntas miskin ekstrem kabupaten tulungagung jawa timur sukses turun 0 2022 persen 0 94 2021 sesuai target presiden jokowi 2024 miskin ekstrem tuntas 0 kemenkopmk,"['malinau', 'daerah', 'tuntas', 'miskin', 'ekstrem', 'kabupaten', 'tulungagung', 'jawa', 'timur', 'sukses', 'turun', '0', '2022', 'persen', '0', '94', '2021', 'sesuai', 'target', 'presiden', 'jokowi', '2024', 'miskin', 'ekstrem', 'tuntas', '0', 'kemenkopmk']",-5,-1
angka miskin desa jawa timur turun berkat upaya cepat salur dana desa bangun ekonomi masyarakat desa https t co z24yx3asvs,"['angka', 'miskin', 'desa', 'jawa', 'timur', 'turun', 'berkat', 'upaya', 'cepat', 'salur', 'dana', 'desa', 'bangun', 'ekonomi', 'masyarakat', 'desa', 'https', 't', 'co', 'z24yx3asvs']",-5,-1
said anggota fraksi pdip jatim fokus kurang angka miskin dpd pdip jawa timur gelar giat bimbing teknis bimtek anggota fraksi tingkat provinsi kabupaten kota https t co mzmqn6e7u1 politikpemerintahan mhsaidabdullah via beritajatimcom,"['said', 'anggota', 'fraksi', 'pdip', 'jatim', 'fokus', 'kurang', 'angka', 'miskin', 'dpd', 'pdip', 'jawa', 'timur', 'gelar', 'giat', 'bimbing', 'teknis', 'bimtek', 'anggota', 'fraksi', 'tingkat', 'provinsi', 'kabupaten', 'kota', 'https', 't', 'co', 'mzmqn6e7u1', 'politikpemerintahan', 'mhsaidabdullah', 'via', 'beritajatimcom']",-11,-1
angka miskin turun kota madiun rendah empat jawa timur https t co b4vjd0taov,"['angka', 'miskin', 'turun', 'kota', 'madiun', 'rendah', 'empat', 'jawa', 'timur', 'https', 't', 'co', 'b4vjd0taov']",-13,-1
roadshow cepat turun stunting hapus miskin ekstrem kabupaten kota provinsi jawa timur menteri koordinator bidang pmk https t co vew0ksivvk kemiskinanekstrem stunting bkkbn https t co iockzfjwfx,"['roadshow', 'cepat', 'turun', 'stunting', 'hapus', 'miskin', 'ekstrem', 'kabupaten', 'kota', 'provinsi', 'jawa', 'timur', 'menteri', 'koordinator', 'bidang', 'pmk', 'https', 't', 'co', 'vew0ksivvk', 'kemiskinanekstrem', 'stunting', 'bkkbn', 'https', 't', 'co', 'iockzfjwfx']",-13,-1
dandim 0815 mojokerto wakil pgs pasi ter kodim 0815 mojokerto kapten inf nuril mustofa ikut giat roadshow daring menko pmk cepat turun stunting hapus miskin ekstrem kabupaten kota provinsi jawa timur https t co xcyvnp845c,"['dandim', '0815', 'mojokerto', 'wakil', 'pgs', 'pasi', 'ter', 'kodim', '0815', 'mojokerto', 'kapten', 'inf', 'nuril', 'mustofa', 'ikut', 'giat', 'roadshow', 'daring', 'menko', 'pmk', 'cepat', 'turun', 'stunting', 'hapus', 'miskin', 'ekstrem', 'kabupaten', 'kota', 'provinsi', 'jawa', 'timur', 'https', 't', 'co', 'xcyvnp845c']",-18,-1
bappelitbangda undang kepala opd ikut roadshow daring menko pmk kait cepat turun stunting hapus miskin ekstrem kabupaten kota provinsi jawa timur https t co 6kipf1dant,"['bappelitbangda', 'undang', 'kepala', 'opd', 'ikut', 'roadshow', 'daring', 'menko', 'pmk', 'kait', 'cepat', 'turun', 'stunting', 'hapus', 'miskin', 'ekstrem', 'kabupaten', 'kota', 'provinsi', 'jawa', 'timur', 'https', 't', 'co', '6kipf1dant']",-15,-1
angka miskin kota surabaya jawa timur turun pimpin wali kota wakil wali kota eri cahyadi armuji https t co pqiw4urmqb,"['angka', 'miskin', 'kota', 'surabaya', 'jawa', 'timur', 'turun', 'pimpin', 'wali', 'kota', 'wakil', 'wali', 'kota', 'eri', 'cahyadi', 'armuji', 'https', 't', 'co', 'pqiw4urmqb']",-10,-1
fauzi tekan angka miskin bawa masyarakat sumenep sejahtera direktur arci baihaki siradj hasil bupati sumenep achmad fauzi achmadfauzi wy calon potensial dalam pilkada jawa timur https t co dpgmuf9kqn https t co vlrnvfvxbg,"['fauzi', 'tekan', 'angka', 'miskin', 'bawa', 'masyarakat', 'sumenep', 'sejahtera', 'direktur', 'arci', 'baihaki', 'siradj', 'hasil', 'bupati', 'sumenep', 'achmad', 'fauzi', 'achmadfauzi', 'wy', 'calon', 'potensial', 'dalam', 'pilkada', 'jawa', 'timur', 'https', 't', 'co', 'dpgmuf9kqn', 'https', 't', 'co', 'vlrnvfvxbg']",0,0
3 unit rumah tinggal layak huni rtlh pacitan jawa timur untuk masyarakat prasejahtera kawasan up pacitan program hasil sinergi pt pln np perintah kabupaten pacitan usaha entas miskin,"['3', 'unit', 'rumah', 'tinggal', 'layak', 'huni', 'rtlh', 'pacitan', 'jawa', 'timur', 'untuk', 'masyarakat', 'prasejahtera', 'kawasan', 'up', 'pacitan', 'program', 'hasil', 'sinergi', 'pt', 'pln', 'np', 'perintah', 'kabupaten', 'pacitan', 'usaha', 'entas', 'miskin']",-16,-1
gubernur jawa ganjar pranowo adaptasi teknologi instalasi panen air hujan gagas keluarga alumni universitas gadjah mada ugm kalimantan timur kaltim atas miskin jateng agnes cs misterius bca like crazy https t co ue1xvilfnf,"['gubernur', 'jawa', 'ganjar', 'pranowo', 'adaptasi', 'teknologi', 'instalasi', 'panen', 'air', 'hujan', 'gagas', 'keluarga', 'alumni', 'universitas', 'gadjah', 'mada', 'ugm', 'kalimantan', 'timur', 'kaltim', 'atas', 'miskin', 'jateng', 'agnes', 'cs', 'misterius', 'bca', 'like', 'crazy', 'https', 't', 'co', 'ue1xvilfnf']",-6,-1
ch chotimah2 ganjarpranowo aniesbaswedan data badan pusat statistik bps catat diy provinsi miskin jawa 2022 posisi diy ikut jawa yang angka miskin 10 98 persen jawa timur 10 49 persen telah jawa barat dengan angka miskin 7 98 banten 6 24 dki jakarta 4 61 persen,"['ch', 'chotimah2', 'ganjarpranowo', 'aniesbaswedan', 'data', 'badan', 'pusat', 'statistik', 'bps', 'catat', 'diy', 'provinsi', 'miskin', 'jawa', '2022', 'posisi', 'diy', 'ikut', 'jawa', 'yang', 'angka', 'miskin', '10', '98', 'persen', 'jawa', 'timur', '10', '49', 'persen', 'telah', 'jawa', 'barat', 'dengan', 'angka', 'miskin', '7', '98', 'banten', '6', '24', 'dki', 'jakarta', '4', '61', 'persen']",-19,-1
bedindegila karsono12732862 mayapada0812 ntar yaa pangarekaptogel wawan 74 kasmaranwahyu yantireinke kupret93840851 hoax bukan dady tri pahamya okesip alamtimur3 uwohme albiderforu nembenetes lonenydragon katyushadwinova tel lek wrahardian2 heryidris5 winoto ali afridu6 suryasena53 tabascopepsauce furqonjimmy k7 m0en moh aak ranggadly anwarbohebo panjianom102 jebenk63285910 ibexibexbelin seti4wone rizamsyafiq sayid machmoed ahlulqohwah jkopriyo tan mar3m bumi01puser d ku87 b3n1n9 17 jawhariaria dy4h ko3 uwa aji es bonbon27 perbachatan malakmalakmal uas ustadabdulsomad la iya data bank dunia persen miskin indonesia versi bank dunia dki jateng jawa timur dan lain,"['bedindegila', 'karsono12732862', 'mayapada0812', 'ntar', 'yaa', 'pangarekaptogel', 'wawan', '74', 'kasmaranwahyu', 'yantireinke', 'kupret93840851', 'hoax', 'bukan', 'dady', 'tri', 'pahamya', 'okesip', 'alamtimur3', 'uwohme', 'albiderforu', 'nembenetes', 'lonenydragon', 'katyushadwinova', 'tel', 'lek', 'wrahardian2', 'heryidris5', 'winoto', 'ali', 'afridu6', 'suryasena53', 'tabascopepsauce', 'furqonjimmy', 'k7', 'm0en', 'moh', 'aak', 'ranggadly', 'anwarbohebo', 'panjianom102', 'jebenk63285910', 'ibexibexbelin', 'seti4wone', 'rizamsyafiq', 'sayid', 'machmoed', 'ahlulqohwah', 'jkopriyo', 'tan', 'mar3m', 'bumi01puser', 'd', 'ku87', 'b3n1n9', '17', 'jawhariaria', 'dy4h', 'ko3', 'uwa', 'aji', 'es', 'bonbon27', 'perbachatan', 'malakmalakmal', 'uas', 'ustadabdulsomad', 'la', 'iya', 'data', 'bank', 'dunia', 'persen', 'miskin', 'indonesia', 'versi', 'bank', 'dunia', 'dki', 'jateng', 'jawa', 'timur', 'dan', 'lain']",-17,-1
seperti yang pemda jawa timur pemda tekan angka miskin demigenerasiberikutnya dengan serap tenaga kerja keluarga miskin shg beli butuh untuk hidup hari https t co esah8atxpk,"['seperti', 'yang', 'pemda', 'jawa', 'timur', 'pemda', 'tekan', 'angka', 'miskin', 'demigenerasiberikutnya', 'dengan', 'serap', 'tenaga', 'kerja', 'keluarga', 'miskin', 'shg', 'beli', 'butuh', 'untuk', 'hidup', 'hari', 'https', 't', 'co', 'esah8atxpk']",-22,-1
menko pmk sorot miskin ekstrim ngawi capai 12 000 jiwa ngawi https t co ksziggp1k3 ecek tangan stunting desa gempol camat karangjati ngawi jawa timur https t co pxyqewn4wr politikpemerintahan miskin via beritajatimcom,"['menko', 'pmk', 'sorot', 'miskin', 'ekstrim', 'ngawi', 'capai', '12', '000', 'jiwa', 'ngawi', 'https', 't', 'co', 'ksziggp1k3', 'ecek', 'tangan', 'stunting', 'desa', 'gempol', 'camat', 'karangjati', 'ngawi', 'jawa', 'timur', 'https', 't', 'co', 'pxyqewn4wr', 'politikpemerintahan', 'miskin', 'via', 'beritajatimcom']",-10,-1
garap emak bersholawat nilai jitu entas miskin jawa timur https t co kj3xibewwt,"['garap', 'emak', 'bersholawat', 'nilai', 'jitu', 'entas', 'miskin', 'jawa', 'timur', 'https', 't', 'co', 'kj3xibewwt']",0,0
miskin konflik perang rusa lingkung buka muktamar internasional i fikih adab hotel shangri la surabaya jawa timur jatim,"['miskin', 'konflik', 'perang', 'rusa', 'lingkung', 'buka', 'muktamar', 'internasional', 'i', 'fikih', 'adab', 'hotel', 'shangri', 'la', 'surabaya', 'jawa', 'timur', 'jatim']",0,0
jateng jawa insya allah jawa barat jawa timur problem miskin yang ekstrim ganjarpranowo presiden periode 2024 2029 2034 tangan amin yra https t co jqmsrevq6x,"['jateng', 'jawa', 'insya', 'allah', 'jawa', 'barat', 'jawa', 'timur', 'problem', 'miskin', 'yang', 'ekstrim', 'ganjarpranowo', 'presiden', 'periode', '2024', '2029', '2034', 'tangan', 'amin', 'yra', 'https', 't', 'co', 'jqmsrevq6x']",-5,-1
aniesbaswedan pksejahtera nasdem pdemokrat pesan aniesbaswedan diamanhkan presiden 2024 2029 tolong bantu saudara2 tuntas miskin jawa jawa timur jawa barat miskin tinggi indonesia data bps,"['aniesbaswedan', 'pksejahtera', 'nasdem', 'pdemokrat', 'pesan', 'aniesbaswedan', 'diamanhkan', 'presiden', '2024', '2029', 'tolong', 'bantu', 'saudara2', 'tuntas', 'miskin', 'jawa', 'jawa', 'timur', 'jawa', 'barat', 'miskin', 'tinggi', 'indonesia', 'data', 'bps']",-11,-1
fraksi partai gerindra dprd jawa timur pemprov jatim perhati khusus buruh tani tani nelayan guru usaha tanggulang miskin urai miskin sentral desa pinggir hutan pinggir pantai,"['fraksi', 'partai', 'gerindra', 'dprd', 'jawa', 'timur', 'pemprov', 'jatim', 'perhati', 'khusus', 'buruh', 'tani', 'tani', 'nelayan', 'guru', 'usaha', 'tanggulang', 'miskin', 'urai', 'miskin', 'sentral', 'desa', 'pinggir', 'hutan', 'pinggir', 'pantai']",-12,-1
partaiperindo jiwa leadership uji abdi militer wisnoe emban tugas bagus jawa timur lupa visi misi partai perindo entas miskin wujud sejahtera,"['partaiperindo', 'jiwa', 'leadership', 'uji', 'abdi', 'militer', 'wisnoe', 'emban', 'tugas', 'bagus', 'jawa', 'timur', 'lupa', 'visi', 'misi', 'partai', 'perindo', 'entas', 'miskin', 'wujud', 'sejahtera']",-5,-1
diy provinsi kere miskin kawasan pulau jawa data bps ri 2022 angka miskin warga diy 11 september 2022 diy geser posisi jawa timur angka miskin warga umr diy juta,"['diy', 'provinsi', 'kere', 'miskin', 'kawasan', 'pulau', 'jawa', 'data', 'bps', 'ri', '2022', 'angka', 'miskin', 'warga', 'diy', '11', 'september', '2022', 'diy', 'geser', 'posisi', 'jawa', 'timur', 'angka', 'miskin', 'warga', 'umr', 'diy', 'juta']",-20,-1
miskin tinggi september 2022 1 papua 26 80 2 papua barat 21 43 3 ntt 20 23 4 malu 16 23 5 gorontalo 15 51 duduk provinsi duduk miskin nusantara jawa timur 4 236 juta https t co qiikv11yyw,"['miskin', 'tinggi', 'september', '2022', '1', 'papua', '26', '80', '2', 'papua', 'barat', '21', '43', '3', 'ntt', '20', '23', '4', 'malu', '16', '23', '5', 'gorontalo', '15', '51', 'duduk', 'provinsi', 'duduk', 'miskin', 'nusantara', 'jawa', 'timur', '4', '236', 'juta', 'https', 't', 'co', 'qiikv11yyw']",-9,-1
anggota dprd jatim gubernur takut aku naik angka miskin jawa timur lingkarjatim https t co rr8abscgce https t co i2tedcy02o,"['anggota', 'dprd', 'jatim', 'gubernur', 'takut', 'aku', 'naik', 'angka', 'miskin', 'jawa', 'timur', 'lingkarjatim', 'https', 't', 'co', 'rr8abscgce', 'https', 't', 'co', 'i2tedcy02o']",-9,-1
democrazymedia jawa timur propinsi miskin jadi orang2 tekad tahan miskin jawa timur alangkah indah dunia,"['democrazymedia', 'jawa', 'timur', 'propinsi', 'miskin', 'jadi', 'orang2', 'tekad', 'tahan', 'miskin', 'jawa', 'timur', 'alangkah', 'indah', 'dunia']",-9,-1
infososial mensos risma menkeu kemenkeuri sri mulyani tinjau progres hasil program tangan miskin padu kemensos camat pujon kabupaten malang jawa timur jumat 20 01 menteri tekan https t co c3xuhyuv1t,"['infososial', 'mensos', 'risma', 'menkeu', 'kemenkeuri', 'sri', 'mulyani', 'tinjau', 'progres', 'hasil', 'program', 'tangan', 'miskin', 'padu', 'kemensos', 'camat', 'pujon', 'kabupaten', 'malang', 'jawa', 'timur', 'jumat', '20', '01', 'menteri', 'tekan', 'https', 't', 'co', 'c3xuhyuv1t']",-6,-1
bps catat tingkat miskin indonesia capai 9 57 persen 1 diy 11 49 persen 2 jawa 10 98 persen 3 jawa timur 10 49 persen 4 jawa barat 7 98 persen 5 banten 6 24 persen 6 dki jakarta 4 61 persen source kompas yuk yuk semangat kerja guys https t co jufdb2rggx,"['bps', 'catat', 'tingkat', 'miskin', 'indonesia', 'capai', '9', '57', 'persen', '1', 'diy', '11', '49', 'persen', '2', 'jawa', '10', '98', 'persen', '3', 'jawa', 'timur', '10', '49', 'persen', '4', 'jawa', 'barat', '7', '98', 'persen', '5', 'banten', '6', '24', 'persen', '6', 'dki', 'jakarta', '4', '61', 'persen', 'source', 'kompas', 'yuk', 'yuk', 'semangat', 'kerja', 'guys', 'https', 't', 'co', 'jufdb2rggx']",18,1
live program tangan miskin padu jumat 20 januari 2023 08 00 wib siar langsung kantor camat pujon kabupaten malang jawa timur youtube kemensosri https t co nqehejhys8 https t co ilp3gtekay,"['live', 'program', 'tangan', 'miskin', 'padu', 'jumat', '20', 'januari', '2023', '08', '00', 'wib', 'siar', 'langsung', 'kantor', 'camat', 'pujon', 'kabupaten', 'malang', 'jawa', 'timur', 'youtube', 'kemensosri', 'https', 't', 'co', 'nqehejhys8', 'https', 't', 'co', 'ilp3gtekay']",-1,-1
informasi bps statistics kait angka miskin 3 provinsi pulau jawa periode 2018 2022 provinsi jawa timur turun 0 36 56 000 orang provinsi jawa turun 0 21 10 000 orang provinsi jawa barat 0 74 510 000 orang https t co zm5glxhkpi,"['informasi', 'bps', 'statistics', 'kait', 'angka', 'miskin', '3', 'provinsi', 'pulau', 'jawa', 'periode', '2018', '2022', 'provinsi', 'jawa', 'timur', 'turun', '0', '36', '56', '000', 'orang', 'provinsi', 'jawa', 'turun', '0', '21', '10', '000', 'orang', 'provinsi', 'jawa', 'barat', '0', '74', '510', '000', 'orang', 'https', 't', 'co', 'zm5glxhkpi']",-9,-1
gus raharjo pangestiwerda ridwankamil moga angka miskin atas perintah daerah jawa barat saya susul jawa timur jawa,"['gus', 'raharjo', 'pangestiwerda', 'ridwankamil', 'moga', 'angka', 'miskin', 'atas', 'perintah', 'daerah', 'jawa', 'barat', 'saya', 'susul', 'jawa', 'timur', 'jawa']",-11,-1
nih gampang baca yang banding jawa timur jawa amp jawa barat periode 2018 2022 netijen budiman makasih ya sudah bantu kemarin simpul jeni dasar data bps bawah miskin jabar duh jadi bayang duit 1t https t co iszsch1zxr,"['nih', 'gampang', 'baca', 'yang', 'banding', 'jawa', 'timur', 'jawa', 'amp', 'jawa', 'barat', 'periode', '2018', '2022', 'netijen', 'budiman', 'makasih', 'ya', 'sudah', 'bantu', 'kemarin', 'simpul', 'jeni', 'dasar', 'data', 'bps', 'bawah', 'miskin', 'jabar', 'duh', 'jadi', 'bayang', 'duit', '1t', 'https', 't', 'co', 'iszsch1zxr']",1,1
